mdc6,ope,opename
10010,99,99 θp‚Θ‚µ_”]ξα‡
10010,97,97 ‚»‚Μ‘Όθp_”]ξα‡
10010,2,02 “W“ΰξα‡“Eop“™
10010,1,01 “W“ΰξα‡“Eop+΄”­«««”]ξα‡υό—Νw—Γ–@‰ΑZ
10020,99,99 θp‚Θ‚µ_‚­‚ΰ–‰ΊoA”j—τ”]“®–¬α
10020,97,97 ‚»‚Μ‘Όθp_‚­‚ΰ–‰ΊoA”j—τ”]“®–¬α
10020,3,03 ϊ“”]Ίƒhƒƒi[ƒWp“™
10020,2,02 ”]Η“ΰθp
10020,1,01 ”]“®–¬α—¬“όΗƒNƒƒbƒsƒ“ƒOiJ“‚µ‚Δs‚¤‚ΰ‚Μj“™
10030,99,99 θp‚Θ‚µ_–Ά”j—τ”]“®–¬α
10030,97,97 ‚»‚Μ‘Όθp_–Ά”j—τ”]“®–¬α
10030,3,03 ”]Η“ΰθp
10030,1,01 ”]“®–¬αθς•”ƒNƒƒbƒsƒ“ƒO“™
10040,99,99 θp‚Θ‚µ_”ρO«“W“ΰξi”ρO«d–‰ΊξΘOj
10040,97,97 ‚»‚Μ‘Όθp_”ρO«“W“ΰξi”ρO«d–‰ΊξΘOj
10040,2,02 ϊ“”]Ίƒhƒƒi[ƒWp“™
10040,1,01 ”]Η“ΰθp+”]“®Γ–¬ο`“Eop“™
10050,99,99 θp‚Θ‚µ_”ρO«d–‰Ίξ
10050,97,97 ‚»‚Μ‘Όθp_”ρO«d–‰Ίξ
10050,2,02 –«d–‰ΊξϊEτςp“™
10050,1,01 “W“ΰξ‹piJ“‚µ‚Δs‚¤‚ΰ‚Μj@d–‰Ί‚Μ‚ΰ‚Μ
10060,99,99 θp‚Θ‚µ_”][Η
10060,97,97 ‚»‚Μ‘Όθp_”][Η
10060,2,02 o”η“I”]Η`¬p“™
10060,1,01 “®–¬`¬pA•«‡p@“W“ΰ“®–¬“™
10061,99,99 θp‚Θ‚µ_κ‰ί«”]‹•”­μ
10061,97,97 ‚»‚Μ‘Όθp_κ‰ί«”]‹•”­μ
10069,99,99 θp‚Θ‚µ_”]‘²’†‚Μ‘±”­Η
10069,97,97 ‚»‚Μ‘Όθp_”]‘²’†‚Μ‘±”­Η
10070,99,99 θp‚Θ‚µ_”]ΗαQ
10070,97,97 ‚»‚Μ‘Όθp_”]ΗαQ
10070,2,02 o”η“Iθς“®–¬ƒXƒeƒ“ƒg—―’up
10070,1,01 ”]Η“ΰθp“™
10080,99,99 θp‚Θ‚µ_”]‘‚Μ΄υ‚π”Ί‚¤‰Η
10080,97,97 ‚»‚Μ‘Όθp_”]‘‚Μ΄υ‚π”Ί‚¤‰Η
10083,99,99 θp‚Θ‚µ_‹j«‘–‰A‘–”]‰
10083,97,97 ‚»‚Μ‘Όθp_‹j«‘–‰A‘–”]‰
10086,99,99 θp‚Θ‚µ_ƒvƒƒIƒ“•a
10086,97,97 ‚»‚Μ‘Όθp_ƒvƒƒIƒ“•a
10089,99,99 θp‚Θ‚µ_‹}«d‰»«‘S”]‰
10089,97,97 ‚»‚Μ‘Όθp_‹}«d‰»«‘S”]‰
10090,99,99 θp‚Θ‚µ_‘½”­«d‰»Η
10090,97,97 ‚»‚Μ‘Όθp_‘½”­«d‰»Η
10100,99,99 θp‚Θ‚µ_’E‘«Ύ³i‚»‚Μ‘Όj
10100,97,97 ‚»‚Μ‘Όθp_’E‘«Ύ³i‚»‚Μ‘Όj
10110,99,99 θp‚Θ‚µ_–Ζ‰u‰ξέ«E‰Η«ƒjƒ…[ƒƒpƒ`[
10110,97,97 ‚»‚Μ‘Όθp_–Ζ‰u‰ξέ«E‰Η«ƒjƒ…[ƒƒpƒ`[
10111,99,99 θp‚Θ‚µ_β“`«ƒjƒ…[ƒƒpƒ`[
10111,97,97 ‚»‚Μ‘Όθp_β“`«ƒjƒ…[ƒƒpƒ`[
10120,99,99 θp‚Θ‚µ_“Α”­«i’Pjƒjƒ…[ƒƒpƒ`[
10120,97,97 ‚»‚Μ‘Όθp_“Α”­«i’Pjƒjƒ…[ƒƒpƒ`[
10120,1,01 O³_oίγόΫΨBp“™
10130,99,99 θp‚Θ‚µ_dΗ‹Ψ–³—ΝΗ
10130,97,97 ‚»‚Μ‘Όθp_dΗ‹Ψ–³—ΝΗ
10140,99,99 θp‚Θ‚µ_‹ΨΎ³i‚»‚Μ‘Όj
10140,97,97 ‚»‚Μ‘Όθp_‹ΨΎ³i‚»‚Μ‘Όj
10155,99,99 θp‚Θ‚µ_‰^“®ƒjƒ…[ƒƒ“Ύ³“™
10155,97,97 ‚»‚Μ‘Όθp_‰^“®ƒjƒ…[ƒƒ“Ύ³“™
10160,99,99 θp‚Θ‚µ_ƒp[ƒLƒ“ƒ\ƒ“•a
10160,97,97 ‚»‚Μ‘Όθp_ƒp[ƒLƒ“ƒ\ƒ“•a
10170,99,99 θp‚Θ‚µ_ξ’κj“™‚Μ•Ο«Ύ³
10170,97,97 ‚»‚Μ‘Όθp_ξ’κj“™‚Μ•Ο«Ύ³
10180,99,99 θp‚Θ‚µ_•sΣ‰^“®
10180,97,97 ‚»‚Μ‘Όθp_•sΣ‰^“®
10190,99,99 θp‚Θ‚µ_β“`«‰^“®Έ’²Η
10190,97,97 ‚»‚Μ‘Όθp_β“`«‰^“®Έ’²Η
10200,99,99 θp‚Θ‚µ_…“Η
10200,97,97 ‚»‚Μ‘Όθp_…“Η
10200,1,01 …“Ηθp@”]Ίϊ”jpi_o“ΰ‹‹Ύθp‚Ι‚ζ‚ι‚ΰ‚Μj“™
01021x,99,99 θp‚Θ‚µ_”F’mΗ
01021x,97,97 ‚»‚Μ‘Όθp_”F’mΗ
10220,99,99 θp‚Θ‚µ_‚»‚Μ‘Ό‚Μ•Ο«Ύ³
10220,97,97 ‚»‚Μ‘Όθp_‚»‚Μ‘Ό‚Μ•Ο«Ύ³
10230,99,99 θp‚Θ‚µ_‚Δ‚ρ‚©‚ρ
10230,97,97 ‚»‚Μ‘Όθp_‚Δ‚ρ‚©‚ρ
10240,99,99 θp‚Θ‚µ_•Π“’ΙA“’ΙΗσQi‚»‚Μ‘Όj
10240,97,97 ‚»‚Μ‘Όθp_•Π“’ΙA“’ΙΗσQi‚»‚Μ‘Όj
10260,99,99 θp‚Θ‚µ_ƒEƒFƒ‹ƒjƒbƒP”]Η
10260,97,97 ‚»‚Μ‘Όθp_ƒEƒFƒ‹ƒjƒbƒP”]Η
10270,99,99 θp‚Θ‚µ_’†“Ε«”]Η
10270,97,97 ‚»‚Μ‘Όθp_’†“Ε«”]Η
10280,99,99 θp‚Θ‚µ_ƒWƒXƒgƒj[A‹Ψ–³—ΝΗ
10280,97,97 ‚»‚Μ‘Όθp_ƒWƒXƒgƒj[A‹Ψ–³—ΝΗ
10290,99,99 θp‚Θ‚µ_©—¥_on‚ΜαQ
10290,97,97 ‚»‚Μ‘Όθp_©—¥_on‚ΜαQ
10300,99,99 θp‚Θ‚µ_‡–°αQ
10300,97,97 ‚»‚Μ‘Όθp_‡–°αQ
10310,99,99 θp‚Θ‚µ_”]‚ΜαQi‚»‚Μ‘Όj
10310,97,97 ‚»‚Μ‘Όθp_”]‚ΜαQi‚»‚Μ‘Όj
02001x,99,99 θp‚Θ‚µ_p–Eα‹y‚Ρ•t‘®ν‚Μ««ξα‡
02001x,97,97 ‚»‚Μ‘Όθp_p–Eα‹y‚Ρ•t‘®ν‚Μ««ξα‡
20040,99,99 θp‚Θ‚µ_–Τ–‰θΧ–Eξ
20040,97,97 ‚»‚Μ‘Όθp_–Τ–‰θΧ–Eξ
02006x,99,99 θp‚Θ‚µ_α‚Μ—Η«ξα‡
02006x,97,97 ‚»‚Μ‘Όθp_α‚Μ—Η«ξα‡
20080,99,99 θp‚Θ‚µ_αβ|ξα‡
20080,97,97 ‚»‚Μ‘Όθp_αβ|ξα‡
20100,99,99 θp‚Θ‚µ_—ά”Xξα‡
20100,97,97 ‚»‚Μ‘Όθp_—ά”Xξα‡
20110,99,99 θp‚Θ‚µ_”’“ΰαA…»‘Μ‚ΜΎ³
20110,97,97 ‚»‚Μ‘Όθp_”’“ΰαA…»‘Μ‚ΜΎ³
20120,99,99 θp‚Θ‚µ_‘O•”‚Τ‚Η‚¤–‰
20120,97,97 ‚»‚Μ‘Όθp_‘O•”‚Τ‚Η‚¤–‰
20130,99,99 θp‚Θ‚µ_΄“c•a
20130,97,97 ‚»‚Μ‘Όθp_΄“c•a
20140,99,99 θp‚Θ‚µ_–Τ–¬—–‰E–Τ–‰E‹}«–Τ–‰σ€
20140,97,97 ‚»‚Μ‘Όθp_–Τ–¬—–‰E–Τ–‰E‹}«–Τ–‰σ€
20150,99,99 θp‚Θ‚µ_Ξ‹iO«E–ό’…«‚π‚­Bj
20150,97,97 ‚»‚Μ‘Όθp_Ξ‹iO«E–ό’…«‚π‚­Bj
20160,99,99 θp‚Θ‚µ_–Τ–”—£
20160,97,97 ‚»‚Μ‘Όθp_–Τ–”—£
20180,99,99 θp‚Θ‚µ_“”A•a«‘B«–Τ–Η
20180,97,97 ‚»‚Μ‘Όθp_“”A•a«‘B«–Τ–Η
20190,99,99 θp‚Θ‚µ_–Άn™–Τ–Η
20190,97,97 ‚»‚Μ‘Όθp_–Άn™–Τ–Η
20200,99,99 θp‚Θ‚µ_‰©”ΑAγ‹Ι•Ο«
20200,97,97 ‚»‚Μ‘Όθp_‰©”ΑAγ‹Ι•Ο«
20210,99,99 θp‚Θ‚µ_–Τ–Η•ΒΗΗ
20210,97,97 ‚»‚Μ‘Όθp_–Τ–Η•ΒΗΗ
20210,1,01 ‘B«Ιq‘Μ–Τ–Ηθp
20220,99,99 θp‚Θ‚µ_—Ξ“ΰα
20220,97,97 ‚»‚Μ‘Όθp_—Ξ“ΰα
20220,1,01 —Ξ“ΰαθp@ΰh‰ίθp
20230,99,99 θp‚Θ‚µ_ααΩ‰Ί‚
20230,97,97 ‚»‚Μ‘Όθp_ααΩ‰Ί‚
20240,99,99 θp‚Θ‚µ_Ιq‘ΜΎ³
20240,97,97 ‚»‚Μ‘Όθp_Ιq‘ΜΎ³
20250,99,99 θp‚Θ‚µ_‹–‚ΜαQ
20250,97,97 ‚»‚Μ‘Όθp_‹–‚ΜαQ
20270,99,99 θp‚Θ‚µ_‹­–‚ΜαQ
20270,97,97 ‚»‚Μ‘Όθp_‹­–‚ΜαQ
20280,99,99 θp‚Θ‚µ_p–‚ΜαQ
20280,97,97 ‚»‚Μ‘Όθp_p–‚ΜαQ
20290,99,99 θp‚Θ‚µ_—άν‚ΜΎ³
20290,97,97 ‚»‚Μ‘Όθp_—άν‚ΜΎ³
20320,99,99 θp‚Θ‚µ_ααΩA—άνAαβ|‚ΜΎ³
20320,97,97 ‚»‚Μ‘Όθp_ααΩA—άνAαβ|‚ΜΎ³
20325,99,99 θp‚Θ‚µ_bσ‘B‹@”\Ων«α‹…“ΛoiΗj
20325,97,97 ‚»‚Μ‘Όθp_bσ‘B‹@”\Ων«α‹…“ΛoiΗj
20340,99,99 θp‚Θ‚µ_“ψΚE–Ρ—l‘Μ‚ΜαQ
20340,97,97 ‚»‚Μ‘Όθp_“ψΚE–Ρ—l‘Μ‚ΜαQ
20350,99,99 θp‚Θ‚µ_–¬—–‚ΜΎ³
20350,97,97 ‚»‚Μ‘Όθp_–¬—–‚ΜΎ³
20360,99,99 θp‚Θ‚µ_α‹…‚ΜαQ
20360,97,97 ‚»‚Μ‘Όθp_α‹…‚ΜαQ
20370,99,99 θp‚Θ‚µ_‹_o‚ΜΎ³
20370,97,97 ‚»‚Μ‘Όθp_‹_o‚ΜΎ³
20380,99,99 θp‚Θ‚µ_α‹…‰^“®αQ
20380,97,97 ‚»‚Μ‘Όθp_α‹…‰^“®αQ
20390,99,99 θp‚Θ‚µ_‹oE‹–μαQ
20390,97,97 ‚»‚Μ‘Όθp_‹oE‹–μαQ
20400,99,99 θp‚Θ‚µ_αA•t‘®ν‚ΜαQ
20400,97,97 ‚»‚Μ‘Όθp_αA•t‘®ν‚ΜαQ
03001x,99,99 θp‚Θ‚µ_“θς•”««ξα‡
03001x,97,97 ‚»‚Μ‘Όθp_“θς•”««ξα‡
03001x,1,01 θς•”««ξα‡θp“™
30150,99,99 θp‚Θ‚µ_¨E•@EϋoEτ“E‘ε‘Α‰t‘B‚Μξα‡
30150,97,97 ‚»‚Μ‘Όθp_¨E•@EϋoEτ“E‘ε‘Α‰t‘B‚Μξα‡
30180,99,99 θp‚Θ‚µ_ϋ“ΰ‰AϋoΎ³
30180,97,97 ‚»‚Μ‘Όθp_ϋ“ΰ‰AϋoΎ³
30190,99,99 θp‚Θ‚µ_‘Α‰t‘B‰A‘Α‰t‘B”^α‡
30190,97,97 ‚»‚Μ‘Όθp_‘Α‰t‘B‰A‘Α‰t‘B”^α‡
30200,99,99 θp‚Θ‚µ_‘B“ΰ‘ΑΞ
30200,97,97 ‚»‚Μ‘Όθp_‘B“ΰ‘ΑΞ
30220,99,99 θp‚Θ‚µ_ƒKƒ}ξ
30220,97,97 ‚»‚Μ‘Όθp_ƒKƒ}ξ
30230,99,99 θp‚Θ‚µ_G“AƒAƒfƒmƒCƒh‚Μ–«Ύ³
30230,97,97 ‚»‚Μ‘Όθp_G“AƒAƒfƒmƒCƒh‚Μ–«Ύ³
30240,99,99 θp‚Θ‚µ_G“όΝ”^α‡A‹}«G“‰A‹}«τ“A“‰
30240,97,97 ‚»‚Μ‘Όθp_G“όΝ”^α‡A‹}«G“‰A‹}«τ“A“‰
30240,1,01 G“όΝ”^α‡ΨJp“™
30245,99,99 θp‚Θ‚µ_“`υ«’Pj‹…Η
30245,97,97 ‚»‚Μ‘Όθp_“`υ«’Pj‹…Η
30250,99,99 θp‚Θ‚µ_‡–°–³Δ‹z
30250,97,97 ‚»‚Μ‘Όθp_‡–°–³Δ‹z
30270,99,99 θp‚Θ‚µ_γ‹C“Ή‰
30270,97,97 ‚»‚Μ‘Όθp_γ‹C“Ή‰
30280,99,99 θp‚Θ‚µ_Ί‘Ρƒ|ƒ[ƒvA‹ί
30280,97,97 ‚»‚Μ‘Όθp_Ί‘Ρƒ|ƒ[ƒvA‹ί
30290,99,99 θp‚Θ‚µ_Ί‘Ρ–ƒαƒ
30290,97,97 ‚»‚Μ‘Όθp_Ί‘Ρ–ƒαƒ
30300,99,99 θp‚Θ‚µ_Ί‘Ρ‚ΜΎ³i‚»‚Μ‘Όj
30300,97,97 ‚»‚Μ‘Όθp_Ί‘Ρ‚ΜΎ³i‚»‚Μ‘Όj
30300,1,01 A“EΊ‘Ρƒ|ƒ[ƒvΨp“™
30320,99,99 θp‚Θ‚µ_•@’†u^‹ΘΗ
30320,97,97 ‚»‚Μ‘Όθp_•@’†u^‹ΘΗ
30330,99,99 θp‚Θ‚µ_‹}«•›•@o‰
30330,97,97 ‚»‚Μ‘Όθp_‹}«•›•@o‰
30340,99,99 θp‚Θ‚µ_Η‰^“®«•@‰AƒAƒƒ‹ƒM[«•@‰ƒ•@ƒAƒƒ‹ƒM[„
30340,97,97 ‚»‚Μ‘Όθp_Η‰^“®«•@‰AƒAƒƒ‹ƒM[«•@‰ƒ•@ƒAƒƒ‹ƒM[„
30350,99,99 θp‚Θ‚µ_–«•›•@o‰
30350,97,97 ‚»‚Μ‘Όθp_–«•›•@o‰
30360,99,99 θp‚Θ‚µ_•›•@o”X–EA•@‘O’λ”X–E
30360,97,97 ‚»‚Μ‘Όθp_•›•@o”X–EA•@‘O’λ”X–E
30370,99,99 θp‚Θ‚µ_•@ƒ|ƒ[ƒv
30370,97,97 ‚»‚Μ‘Όθp_•@ƒ|ƒ[ƒv
30380,99,99 θp‚Θ‚µ_•@o
30380,97,97 ‚»‚Μ‘Όθp_•@o
30390,99,99 θp‚Θ‚µ_η–Κ_oαQ
30390,97,97 ‚»‚Μ‘Όθp_η–Κ_oαQ
30400,99,99 θp‚Θ‚µ_‘O’λ‹@”\αQ
30400,97,97 ‚»‚Μ‘Όθp_‘O’λ‹@”\αQ
30410,99,99 θp‚Θ‚µ_‚ί‚ά‚Άi––½‘O’λΘOj
30410,97,97 ‚»‚Μ‘Όθp_‚ί‚ά‚Άi––½‘O’λΘOj
30425,99,99 θp‚Θ‚µ_’®o‚ΜαQi‚»‚Μ‘Όj
30425,97,97 ‚»‚Μ‘Όθp_’®o‚ΜαQi‚»‚Μ‘Όj
30428,99,99 θp‚Θ‚µ_“Λ”­«“ο’®
30428,97,97 ‚»‚Μ‘Όθp_“Λ”­«“ο’®
30430,99,99 θp‚Θ‚µ_ψo«’†¨‰A¨Η‰A¨Η•ΒΗ
30430,97,97 ‚»‚Μ‘Όθp_ψo«’†¨‰A¨Η‰A¨Η•ΒΗ
30440,99,99 θp‚Θ‚µ_–«‰»”^«’†¨‰E’†¨^μξ
30440,97,97 ‚»‚Μ‘Όθp_–«‰»”^«’†¨‰E’†¨^μξ
30440,2,02 Ϋ–`¬θp
30440,1,01 ΫΊ`¬θp
30450,99,99 θp‚Θ‚µ_O¨‚ΜαQi‚»‚Μ‘Όj
30450,97,97 ‚»‚Μ‘Όθp_O¨‚ΜαQi‚»‚Μ‘Όj
30460,99,99 θp‚Θ‚µ_’†¨E“ϋ—l“Λ‹N‚ΜαQ
30460,97,97 ‚»‚Μ‘Όθp_’†¨E“ϋ—l“Λ‹N‚ΜαQ
30460,1,01 ΫΊ`¬θp
30470,99,99 θp‚Θ‚µ_“ΰ¨‚ΜαQi‚»‚Μ‘Όj
30470,97,97 ‚»‚Μ‘Όθp_“ΰ¨‚ΜαQi‚»‚Μ‘Όj
30475,99,99 θp‚Θ‚µ_¨d‰»Η
30475,97,97 ‚»‚Μ‘Όθp_¨d‰»Η
30490,99,99 θp‚Θ‚µ_γ‹C“Ή‚ΜΎ³i‚»‚Μ‘Όj
30490,97,97 ‚»‚Μ‘Όθp_γ‹C“Ή‚ΜΎ³i‚»‚Μ‘Όj
30500,99,99 θp‚Θ‚µ_‘Α‰t‘B‚ΜΎ³i‚»‚Μ‘Όj
30500,97,97 ‚»‚Μ‘Όθp_‘Α‰t‘B‚ΜΎ³i‚»‚Μ‘Όj
40010,99,99 θp‚Θ‚µ_cu««ξα‡AcuE‹Ή–‚Μ««ξα‡
40010,97,97 ‚»‚Μ‘Όθp_cu««ξα‡AcuE‹Ή–‚Μ««ξα‡
40010,1,01 cu««ξα‡θp“™
40020,99,99 θp‚Θ‚µ_cu‚Μ—Η«ξα‡
40020,97,97 ‚»‚Μ‘Όθp_cu‚Μ—Η«ξα‡
40030,99,99 θp‚Θ‚µ_Δ‹zνn‚Μ—Η«ξα‡
40030,97,97 ‚»‚Μ‘Όθp_Δ‹zνn‚Μ—Η«ξα‡
40030,1,01 ”xΨp@‹CΗx`¬‚π”Ί‚¤”xΨ“™
40040,99,99 θp‚Θ‚µ_”x‚Μ««ξα‡
40040,97,97 ‚»‚Μ‘Όθp_”x‚Μ««ξα‡
40050,99,99 θp‚Θ‚µ_‹Ή•Ηξα‡A‹Ή–ξα‡
40050,97,97 ‚»‚Μ‘Όθp_‹Ή•Ηξα‡A‹Ή–ξα‡
40050,1,01 ”xΨp@‚P‘¤”x‘S“E“™
40070,99,99 θp‚Θ‚µ_ƒCƒ“ƒtƒ‹ƒGƒ“ƒUAƒEƒCƒ‹ƒX«”x‰
40070,97,97 ‚»‚Μ‘Όθp_ƒCƒ“ƒtƒ‹ƒGƒ“ƒUAƒEƒCƒ‹ƒX«”x‰
40080,99,99 θp‚Θ‚µ_”x‰“™
40080,97,97 ‚»‚Μ‘Όθp_”x‰“™
40081,99,99 θp‚Θ‚µ_λ‹«”x‰
40081,97,97 ‚»‚Μ‘Όθp_λ‹«”x‰
40090,99,99 θp‚Θ‚µ_‹}«‹CΗx‰A‹}«Χ‹CΗx‰A‰Ί‹C“Ή΄υΗi‚»‚Μ‘Όj
40090,97,97 ‚»‚Μ‘Όθp_‹}«‹CΗx‰A‹}«Χ‹CΗx‰A‰Ί‹C“Ή΄υΗi‚»‚Μ‘Όj
40100,99,99 θp‚Θ‚µ_b‘§
40100,97,97 ‚»‚Μ‘Όθp_b‘§
40110,99,99 θp‚Θ‚µ_ΤΏ«”x‰
40110,97,97 ‚»‚Μ‘Όθp_ΤΏ«”x‰
40120,99,99 θp‚Θ‚µ_–«•ΒΗ«”xΎ³
40120,97,97 ‚»‚Μ‘Όθp_–«•ΒΗ«”xΎ³
40120,1,01 ”xΨp“™
40130,99,99 θp‚Θ‚µ_Δ‹z•s‘Si‚»‚Μ‘Όj
40130,97,97 ‚»‚Μ‘Όθp_Δ‹z•s‘Si‚»‚Μ‘Όj
40140,99,99 θp‚Θ‚µ_‹C“Ήoi‚»‚Μ‘Όj
40140,97,97 ‚»‚Μ‘Όθp_‹C“Ήoi‚»‚Μ‘Όj
40150,99,99 θp‚Θ‚µ_”xEcu‚Μ΄υA”^α‡`¬
40150,97,97 ‚»‚Μ‘Όθp_”xEcu‚Μ΄υA”^α‡`¬
40151,99,99 θp‚Θ‚µ_Δ‹zν‚ΜƒAƒXƒyƒ‹ƒMƒ‹ƒXΗ
40151,97,97 ‚»‚Μ‘Όθp_Δ‹zν‚ΜƒAƒXƒyƒ‹ƒMƒ‹ƒXΗ
40160,99,99 θp‚Θ‚µ_Δ‹zν‚Μ‹j
40160,97,97 ‚»‚Μ‘Όθp_Δ‹zν‚Μ‹j
40170,99,99 θp‚Θ‚µ_R_‹ΫΦAΎ³i”x‹jΘOj
40170,97,97 ‚»‚Μ‘Όθp_R_‹ΫΦAΎ³i”x‹jΘOj
40180,99,99 θp‚Θ‚µ_‹CΗx‹·σ‚Θ‚Η‹CΗ’Κ‰ίαQ
40180,97,97 ‚»‚Μ‘Όθp_‹CΗx‹·σ‚Θ‚Η‹CΗ’Κ‰ίαQ
40190,99,99 θp‚Θ‚µ_‹Ή…A‹Ή–‚ΜΎ³i‚»‚Μ‘Όj
40190,97,97 ‚»‚Μ‘Όθp_‹Ή…A‹Ή–‚ΜΎ³i‚»‚Μ‘Όj
40200,99,99 θp‚Θ‚µ_‹C‹Ή
40200,97,97 ‚»‚Μ‘Όθp_‹C‹Ή
40200,1,01 ”xΨp“™
40210,99,99 θp‚Θ‚µ_‹CΗxg’£Η
40210,97,97 ‚»‚Μ‘Όθp_‹CΗxg’£Η
40220,99,99 θp‚Θ‚µ_‰΅u–ξα‡E‰΅u–Ύ³iV¶™‚πά‚ήBj
40220,97,97 ‚»‚Μ‘Όθp_‰΅u–ξα‡E‰΅u–Ύ³iV¶™‚πά‚ήBj
40230,99,99 θp‚Θ‚µ_‹ΉA‹C‹ΉA“ϋ‚Ρ‹Ή
40230,97,97 ‚»‚Μ‘Όθp_‹ΉA‹C‹ΉA“ϋ‚Ρ‹Ή
40240,99,99 θp‚Θ‚µ_”xzΒΎ³
40240,97,97 ‚»‚Μ‘Όθp_”xzΒΎ³
40250,99,99 θp‚Θ‚µ_‹}«Δ‹z‹‡ƒ‘£„”—ΗσQ
40250,97,97 ‚»‚Μ‘Όθp_‹}«Δ‹z‹‡ƒ‘£„”—ΗσQ
04026x,99,99 θp‚Θ‚µ_”x‚³«Ύ³
04026x,97,97 ‚»‚Μ‘Όθp_”x‚³«Ύ³
04026x,1,01 o”η“I”x“®–¬`¬p“™
40310,99,99 θp‚Θ‚µ_‚»‚Μ‘Ό‚ΜΔ‹zν‚ΜαQ
40310,97,97 ‚»‚Μ‘Όθp_‚»‚Μ‘Ό‚ΜΔ‹zν‚ΜαQ
50010,99,99 θp‚Θ‚µ_S‘‚Μ««ξα‡
50010,97,97 ‚»‚Μ‘Όθp_S‘‚Μ««ξα‡
50020,99,99 θp‚Θ‚µ_S‘‚Μ—Η«ξα‡
50020,97,97 ‚»‚Μ‘Όθp_S‘‚Μ—Η«ξα‡
50020,1,01 Sξα‡“EopASo“ΰ”S‰tξ“Eop
50030,99,99 θp‚Θ‚µ_‹}«S‹Ψ[Ηi‘±”­«‡•ΉΗ‚πά‚ήBjAΔ”­«S‹Ψ[Η
50030,97,97 ‚»‚Μ‘Όθp_‹}«S‹Ψ[Ηi‘±”­«‡•ΉΗ‚πά‚ήBjAΔ”­«S‹Ψ[Η
50030,2,02 ¥“®–¬A‘ε“®–¬ƒoƒCƒpƒXΪAp“™
50030,1,01 SΊαΨpi[ΗΨ‚πά‚ήBj@’P“Ζ‚Μ‚ΰ‚Μ“™
50050,99,99 θp‚Θ‚µ_‹·SΗA–«‹•«SΎ³
50050,97,97 ‚»‚Μ‘Όθp_‹·SΗA–«‹•«SΎ³
50050,2,02 o”η“I¥“®–¬`¬p“™
50050,1,01 SΊαΨpi[ΗΨ‚πά‚ήBj@’P“Ζ‚Μ‚ΰ‚Μ“™
50060,99,99 θp‚Θ‚µ_S‹ΨΗig’£^S‹ΨΗ‚πά‚ήBj
50060,97,97 ‚»‚Μ‘Όθp_S‹ΨΗig’£^S‹ΨΗ‚πά‚ήBj
50070,99,99 θp‚Θ‚µ_•p–¬«•s®–¬
50070,97,97 ‚»‚Μ‘Όθp_•p–¬«•s®–¬
50070,1,01 o”η“IƒJƒe[ƒeƒ‹S‹ΨΔάp
50080,99,99 θp‚Θ‚µ_•Ω–ΗiA‡•Ω–Η‚πά‚ήBj
50080,97,97 ‚»‚Μ‘Όθp_•Ω–ΗiA‡•Ω–Η‚πά‚ήBj
50080,2,02 o”η“I‘m–X•Ωg’£p“™
50080,1,01 ƒƒXθpi©Θ”x“®–¬•Ω‘gD‚Ι‚ζ‚ι‘ε“®–¬ξ•”’u·pj“™
50090,99,99 θp‚Θ‚µ_S“ΰ–‰
50090,97,97 ‚»‚Μ‘Όθp_S“ΰ–‰
50100,99,99 θp‚Θ‚µ_S‹Ψ‰
50100,97,97 ‚»‚Μ‘Όθp_S‹Ψ‰
50110,99,99 θp‚Θ‚µ_‹}«S–‰
50110,97,97 ‚»‚Μ‘Όθp_‹}«S–‰
50120,99,99 θp‚Θ‚µ_ϋk«S–‰
50120,97,97 ‚»‚Μ‘Όθp_ϋk«S–‰
50130,99,99 θp‚Θ‚µ_S•s‘S
50130,97,97 ‚»‚Μ‘Όθp_S•s‘S
50130,1,01 ¥“®–¬A‘ε“®–¬ƒoƒCƒpƒXΪApilHS”x‚πg—p‚µ‚Θ‚Ά‚ΰ‚Μj“™
50140,99,99 θp‚Θ‚µ_‚³«Ύ³
50140,97,97 ‚»‚Μ‘Όθp_‚³«Ύ³
50161,99,99 θp‚Θ‚µ_‰π—£«‘ε“®–¬α
50161,97,97 ‚»‚Μ‘Όθp_‰π—£«‘ε“®–¬α
50161,1,01 ƒXƒeƒ“ƒgƒOƒ‰ƒtƒg“ΰ‘}p
50162,99,99 θp‚Θ‚µ_”j—τ«‘ε“®–¬α
50162,97,97 ‚»‚Μ‘Όθp_”j—τ«‘ε“®–¬α
50162,3,03 ƒXƒeƒ“ƒgƒOƒ‰ƒtƒg“ΰ‘}p
50162,2,02 ‘ε“®–¬αΨpi•«‡–”‚ΝΪA‚πά‚ήBj@• •”‘ε“®–¬i•}Η‚ΜΔ‚π”Ί‚¤‚ΰ‚Μj“™
50162,1,01 ‘ε“®–¬αΨpi•«‡–”‚ΝΪA‚πά‚ήBj@γs‘ε“®–¬‹y‚Ρ‹|•”‘ε“®–¬‚Μ“―θp“™
50163,99,99 θp‚Θ‚µ_”ρ”j—τ«‘ε“®–¬αA’°“®–¬α
50163,97,97 ‚»‚Μ‘Όθp_”ρ”j—τ«‘ε“®–¬αA’°“®–¬α
50163,3,03 ƒXƒeƒ“ƒgƒOƒ‰ƒtƒg“ΰ‘}p
50163,2,02 ‘ε“®–¬αΨpi•«‡–”‚ΝΪA‚πά‚ήBj@• •”‘ε“®–¬i•}Η‚ΜΔ‚π”Ί‚¤‚ΰ‚Μj“™
50163,1,01 ‘ε“®–¬αΨpi•«‡–”‚ΝΪA‚πά‚ήBj@γs‘ε“®–¬‹y‚Ρ‹|•”‘ε“®–¬‚Μ“―θp“™
50170,99,99 θp‚Θ‚µ_•ΒΗ«“®–¬Ύ³
50170,97,97 ‚»‚Μ‘Όθp_•ΒΗ«“®–¬Ύ³
50170,3,03 “®–¬Ηπ‹p@‚»‚Μ‘Ό‚Μ‚ΰ‚ΜiΟ“I‚Θ‚ΰ‚Μj“™
50170,2,02 “®–¬`¬pA•«‡p@wiθA‘«j‚Μ“®–¬“™
50170,1,01 ƒXƒeƒ“ƒgƒOƒ‰ƒtƒg“ΰ‘}p
50180,99,99 θp‚Θ‚µ_Γ–¬Eƒƒ“ƒpΗΎ³
50180,97,97 ‚»‚Μ‘Όθp_Γ–¬Eƒƒ“ƒpΗΎ³
50180,2,02 ‰ΊΓ–¬αθp“™
50180,1,01 l‚ΜΗg’£pEπ‹p“™
50190,99,99 θp‚Θ‚µ_”xΗπΗ
50190,97,97 ‚»‚Μ‘Όθp_”xΗπΗ
50200,99,99 θp‚Θ‚µ_zΒνΎ³i‚»‚Μ‘Όj
50200,97,97 ‚»‚Μ‘Όθp_zΒνΎ³i‚»‚Μ‘Όj
50210,99,99 θp‚Θ‚µ_™–¬«•s®–¬
50210,97,97 ‚»‚Μ‘Όθp_™–¬«•s®–¬
50340,99,99 θp‚Θ‚µ_‚»‚Μ‘Ό‚ΜzΒν‚ΜαQ
50340,97,97 ‚»‚Μ‘Όθp_‚»‚Μ‘Ό‚ΜzΒν‚ΜαQ
60010,99,99 θp‚Θ‚µ_H“Ή‚Μ««ξα‡iθς•”‚πά‚ήBj
60010,97,97 ‚»‚Μ‘Όθp_H“Ή‚Μ««ξα‡iθς•”‚πά‚ήBj
60010,2,02 “ΰ‹‹Ύ“IH“Ή”S–Ψp“™
60010,1,01 H“Ή««ξα‡θpiΑ‰»ΗΔθp‚π•Ή{‚·‚ι‚ΰ‚Μj@θς•”A‹Ή•”A• •”‚Μ‘€μ‚Ι‚ζ‚ι‚ΰ‚Μ“™
60020,99,99 θp‚Θ‚µ_έ‚Μ««ξα‡
60020,97,97 ‚»‚Μ‘Όθp_έ‚Μ««ξα‡
60020,4,04 “ΰ‹‹Ύ“IέA\“ρw’°ƒ|ƒ[ƒvE”S–Ψp
60020,3,03 ±J• p“™
60020,2,02 έΨp@««ξα‡θp“™
60020,1,01 έ‘S“Ep@««ξα‡θp“™
60030,99,99 θp‚Θ‚µ_¬’°‚Μ««ξα‡A• –‚Μ««ξα‡
60030,97,97 ‚»‚Μ‘Όθp_¬’°‚Μ««ξα‡A• –‚Μ««ξα‡
60030,1,01 ¬’°Ψp“™
60035,99,99 θp‚Θ‚µ_‹’°i’‚‚πά‚ήBj‚Μ««ξα‡
60035,97,97 ‚»‚Μ‘Όθp_‹’°i’‚‚πά‚ήBj‚Μ««ξα‡
60035,4,04 “ΰ‹‹Ύ“I‘ε’°ƒ|ƒ[ƒvE”S–Ψp
60035,3,03 ‘ϊ««ξα‡‘ε’°”S–‰Ί‘w”—£p
60035,2,02 ’°•«‡p“™
60035,1,01 ‹’°Ψp@‘SΨA‘SΨ–”‚Ν««ξα‡θp“™
60040,99,99 θp‚Θ‚µ_’Ό’°γθ–εi’Ό’°‚rσ•”‚©‚ηγθ–εj‚Μ««ξα‡
60040,97,97 ‚»‚Μ‘Όθp_’Ό’°γθ–εi’Ό’°‚rσ•”‚©‚ηγθ–εj‚Μ««ξα‡
60040,5,05 “ΰ‹‹Ύ“I‘ε’°ƒ|ƒ[ƒvE”S–Ψp
60040,4,04 ‘ϊ««ξα‡‘ε’°”S–‰Ί‘w”—£p
60040,3,03 ’Ό’°ξα‡“Eopiƒ|ƒ[ƒv“Eo‚πά‚ήBj“™
60040,2,02 γθ–ε««ξα‡θp@Ψ“™
60040,1,01 ”Υ“ΰ‘‘S“Ep“™
60050,99,99 θp‚Θ‚µ_ΜEΜ“ΰ’_Η‚Μ««ξα‡i‘±”­«‚πά‚ήBj
60050,97,97 ‚»‚Μ‘Όθp_ΜEΜ“ΰ’_Η‚Μ««ξα‡i‘±”­«‚πά‚ήBj
60050,3,03 Μ««ξα‡ƒ‰ƒWƒI”gΔά—Γ–@iκA‚Ζ‚µ‚Δj“™
60050,2,02 ΜΨp@•”•Ψ“™
60050,1,01 ΜΨp@‚Q‹ζζΨΘγ‚Ε‚ ‚Α‚ΔAsΔ‚π”Ί‚¤‚ΰ‚Μ“™
60060,99,99 θp‚Θ‚µ_’_”XAΜO’_Η‚Μ««ξα‡
60060,97,97 ‚»‚Μ‘Όθp_’_”XAΜO’_Η‚Μ««ξα‡
60060,4,04 • o‹Ύ‰Ί’_”X“Eop“™
60060,3,03 ’_”X««ξα‡θp@’_”X‚Ιΐ‹Η‚·‚ι‚ΰ‚Μiƒƒ“ƒpίs΄‚πά‚ήBj“™
60060,2,02 δX“•”ξα‡Ψp“™
60060,1,01 ΜΨp@‚Q‹ζζΨΘγ‚Ε‚ ‚Α‚ΔAsΔ‚π”Ί‚¤‚ΰ‚Μ“™
06007x,99,99 θp‚Θ‚µ_δX‘AδB‘‚Μξα‡
06007x,97,97 ‚»‚Μ‘Όθp_δX‘AδB‘‚Μξα‡
06007x,2,02 δB–D‡pi•”•Ψ‚πά‚ήBj“™
06007x,1,01 δX“•”ξα‡Ψp@sΔ‚π”Ί‚¤ξα‡Ψp‚Μκ‡“™
60080,99,99 θp‚Θ‚µ_H“Ή‚Μ—Η«ξα‡
60080,97,97 ‚»‚Μ‘Όθp_H“Ή‚Μ—Η«ξα‡
60080,2,02 H“Ήξα‡“Eop@“ΰ‹‹Ύ‚Ι‚ζ‚ι‚ΰ‚Μ
60080,1,01 H“Ήξα‡“Eop@J‹Ή–”‚ΝJ• θp‚Ι‚ζ‚ι‚ΰ‚Μ“™
60090,99,99 θp‚Θ‚µ_έ‚Μ—Η«ξα‡
60090,97,97 ‚»‚Μ‘Όθp_έ‚Μ—Η«ξα‡
60090,2,02 “ΰ‹‹Ύ“IέA\“ρw’°ƒ|ƒ[ƒvE”S–Ψp@‚»‚Μ‘Ό‚Μƒ|ƒ[ƒvE”S–Ψp“™
60090,1,01 έ‘S“Ep@’Pƒ‘S“Ep“™
60100,99,99 θp‚Θ‚µ_¬’°‘ε’°‚Μ—Η«Ύ³i—Η«ξα‡‚πά‚ήBj
60100,97,97 ‚»‚Μ‘Όθp_¬’°‘ε’°‚Μ—Η«Ύ³i—Η«ξα‡‚πά‚ήBj
60100,3,03 “ΰ‹‹Ύ“IΑ‰»Η~p“™
60100,2,02 ¬’°Ψp@‚»‚Μ‘Ό‚Μ‚ΰ‚Μ“™
60100,1,01 “ΰ‹‹Ύ“I‘ε’°ƒ|ƒ[ƒvE”S–Ψp
60102,99,99 θp‚Θ‚µ_ϊE–”‚Ν”^α‡‚π”Ί‚ν‚Θ‚ΆeΊ«Ύ³
60102,97,97 ‚»‚Μ‘Όθp_ϊE–”‚Ν”^α‡‚π”Ί‚ν‚Θ‚ΆeΊ«Ύ³
60102,2,02 ¬’°‹’°“ΰ‹‹Ύ“I~p“™
60102,1,01 ¬’°Ψp@‚»‚Μ‘Ό‚Μ‚ΰ‚Μ“™
60110,99,99 θp‚Θ‚µ_Μ‚Μ—Η«ξα‡
60110,97,97 ‚»‚Μ‘Όθp_Μ‚Μ—Η«ξα‡
60130,99,99 θp‚Θ‚µ_H“ΉAέA\“ρw’°A‘Ό’°‚Μ‰Ηi‚»‚Μ‘Ό—Η«Ύ³j
60130,97,97 ‚»‚Μ‘Όθp_H“ΉAέA\“ρw’°A‘Ό’°‚Μ‰Ηi‚»‚Μ‘Ό—Η«Ύ³j
60130,2,02 “ΰ‹‹Ύ“IΑ‰»Η~p“™
60130,1,01 H“ΉƒAƒJƒ‰ƒVƒA`¬θp“™
60140,99,99 θp‚Θ‚µ_έ\“ρw’°’Χα‡AέeΊΗA—H–ε‹·σiϊE‚π”Ί‚ν‚Θ‚Ά‚ΰ‚Μj
60140,97,97 ‚»‚Μ‘Όθp_έ\“ρw’°’Χα‡AέeΊΗA—H–ε‹·σiϊE‚π”Ί‚ν‚Θ‚Ά‚ΰ‚Μj
60140,1,01 έΨp@’PƒΨp“™
60141,99,99 θp‚Θ‚µ_έ\“ρw’°’Χα‡AέeΊΗA—H–ε‹·σiϊE‚π”Ί‚¤‚ΰ‚Μj
60141,97,97 ‚»‚Μ‘Όθp_έ\“ρw’°’Χα‡AέeΊΗA—H–ε‹·σiϊE‚π”Ί‚¤‚ΰ‚Μj
60141,1,01 ‹}«”Δ”­«• –‰θp“™
60150,99,99 θp‚Θ‚µ_’‚‰
60150,97,97 ‚»‚Μ‘Όθp_’‚‰
60150,3,03 ’‚Ψp@’‚όΝ”^α‡‚π”Ί‚ν‚Θ‚Ά‚ΰ‚Μ“™
60150,2,02 ’‚Ψp@’‚όΝ”^α‡‚π”Ί‚¤‚ΰ‚Μ“™
60150,1,01 ‹’°Ψp@¬”ΝΝΨ“™
60160,99,99 θp‚Θ‚µ_‘laƒwƒ‹ƒjƒA
60160,97,97 ‚»‚Μ‘Όθp_‘laƒwƒ‹ƒjƒA
60160,2,02 ¬’°Ψp@‚»‚Μ‘Ό‚Μ‚ΰ‚Μ“™
60160,1,01 ƒwƒ‹ƒjƒAθp@‘laƒwƒ‹ƒjƒA“™
60170,99,99 θp‚Θ‚µ_•ΒΗA‰σαs‚Μ‚Θ‚Ά• o‚Μƒwƒ‹ƒjƒA
60170,97,97 ‚»‚Μ‘Όθp_•ΒΗA‰σαs‚Μ‚Θ‚Ά• o‚Μƒwƒ‹ƒjƒA
60170,2,02 ƒwƒ‹ƒjƒAθp@• •Ηα­ƒwƒ‹ƒjƒA“™
60170,1,01 ¬’°Ψp@‚»‚Μ‘Ό‚Μ‚ΰ‚Μ
60180,99,99 θp‚Θ‚µ_ƒNƒ[ƒ“•a“™
60180,97,97 ‚»‚Μ‘Όθp_ƒNƒ[ƒ“•a“™
60180,1,01 ¤α‘΅θp“™
60185,99,99 θp‚Θ‚µ_’Χα‡«‘ε’°‰
60185,97,97 ‚»‚Μ‘Όθp_’Χα‡«‘ε’°‰
60185,1,01 ‹’°Ψp“™
60190,99,99 θp‚Θ‚µ_‹•«’°‰
60190,97,97 ‚»‚Μ‘Όθp_‹•«’°‰
60210,99,99 θp‚Θ‚µ_ƒwƒ‹ƒjƒA‚Μ‹LΪ‚Μ‚Θ‚Ά’°•ΒΗ
60210,97,97 ‚»‚Μ‘Όθp_ƒwƒ‹ƒjƒA‚Μ‹LΪ‚Μ‚Θ‚Ά’°•ΒΗ
60220,99,99 θp‚Θ‚µ_’Ό’°’EAγθ–ε’E
60220,97,97 ‚»‚Μ‘Όθp_’Ό’°’EAγθ–ε’E
60230,99,99 θp‚Θ‚µ_γθ–εόΝ”^α‡
60230,97,97 ‚»‚Μ‘Όθp_γθ–εόΝ”^α‡
60235,99,99 θp‚Θ‚µ_¤α‘
60235,97,97 ‚»‚Μ‘Όθp_¤α‘
60241,99,99 θp‚Θ‚µ_¤j
60241,97,97 ‚»‚Μ‘Όθp_¤j
60250,99,99 θp‚Θ‚µ_λ\ƒRƒ“ƒWƒ[ƒ€
60250,97,97 ‚»‚Μ‘Όθp_λ\ƒRƒ“ƒWƒ[ƒ€
60260,99,99 θp‚Θ‚µ_—τγθAγθ–ε‹·σ
60260,97,97 ‚»‚Μ‘Όθp_—τγθAγθ–ε‹·σ
60270,99,99 θp‚Θ‚µ_€ΗΜ‰A‹}«Μ•s‘SA‹}«Μ‰
60270,97,97 ‚»‚Μ‘Όθp_€ΗΜ‰A‹}«Μ•s‘SA‹}«Μ‰
60280,99,99 θp‚Θ‚µ_ƒAƒ‹ƒR[ƒ‹«ΜαQ
60280,97,97 ‚»‚Μ‘Όθp_ƒAƒ‹ƒR[ƒ‹«ΜαQ
60290,99,99 θp‚Θ‚µ_–«Μ‰i–«‚b^Μ‰‚π‚­Bj
60290,97,97 ‚»‚Μ‘Όθp_–«Μ‰i–«‚b^Μ‰‚π‚­Bj
60295,99,99 θp‚Θ‚µ_–«‚b^Μ‰
60295,97,97 ‚»‚Μ‘Όθp_–«‚b^Μ‰
60300,99,99 θp‚Θ‚µ_Μd•Οi’_`«Μd•Ο‚πά‚ήBj
60300,97,97 ‚»‚Μ‘Όθp_Μd•Οi’_`«Μd•Ο‚πά‚ήBj
60300,1,01 H“ΉEέΓ–¬αθp“™
60310,99,99 θp‚Θ‚µ_Μ”^α‡iΧ‹Ϋ«Eρ¶’«Ύ³‚πά‚ήBj
60310,97,97 ‚»‚Μ‘Όθp_Μ”^α‡iΧ‹Ϋ«Eρ¶’«Ύ³‚πά‚ήBj
60320,99,99 θp‚Θ‚µ_Μ”X–E
60320,97,97 ‚»‚Μ‘Όθp_Μ”X–E
60330,99,99 θp‚Θ‚µ_’_”XΎ³i’_”X‹Ξ‚Θ‚Ηj
60330,97,97 ‚»‚Μ‘Όθp_’_”XΎ³i’_”X‹Ξ‚Θ‚Ηj
60330,2,02 • o‹Ύ‰Ί’_”X“Eop“™
60330,1,01 ’_”X“Eop
60335,99,99 θp‚Θ‚µ_’_”X‰“™
60335,97,97 ‚»‚Μ‘Όθp_’_”X‰“™
60335,2,02 • o‹Ύ‰Ί’_”X“Eop“™
60335,1,01 ’_”X“Eop
60340,99,99 θp‚Θ‚µ_’_ΗiΜ“ΰOj‹ΞA’_Η‰
60340,97,97 ‚»‚Μ‘Όθp_’_ΗiΜ“ΰOj‹ΞA’_Η‰
60340,3,03 ΐ‹Η«• o”^α‡θp“™
60340,2,02 • o‹Ύ‰Ί’_”X“Eop“™
60340,1,01 ΜΨp@•”•Ψ“™
60350,99,99 θp‚Θ‚µ_‹}«δX‰
60350,97,97 ‚»‚Μ‘Όθp_‹}«δX‰
60350,1,01 ‹}«δX‰θp“™
60360,99,99 θp‚Θ‚µ_–«δX‰iδX”X–E‚πά‚ήBj
60360,97,97 ‚»‚Μ‘Όθp_–«δX‰iδX”X–E‚πά‚ήBj
60360,1,01 δX‘Μ”φ•”ξα‡Ψp@δX”φ•”Ψp‚Μκ‡“™
60370,99,99 θp‚Θ‚µ_• –‰A• o“ΰ”^α‡i—«ν‘ν‚π‚­Bj
60370,97,97 ‚»‚Μ‘Όθp_• –‰A• o“ΰ”^α‡i—«ν‘ν‚π‚­Bj
60380,99,99 θp‚Θ‚µ_ƒEƒCƒ‹ƒX«’°‰
60380,97,97 ‚»‚Μ‘Όθp_ƒEƒCƒ‹ƒX«’°‰
60390,99,99 θp‚Θ‚µ_Χ‹Ϋ«’°‰
60390,97,97 ‚»‚Μ‘Όθp_Χ‹Ϋ«’°‰
60391,99,99 θp‚Θ‚µ_‹U–«’°‰
60391,97,97 ‚»‚Μ‘Όθp_‹U–«’°‰
60565,99,99 θp‚Θ‚µ_{•Ο`Η
60565,97,97 ‚»‚Μ‘Όθp_{•Ο`Η
60570,99,99 θp‚Θ‚µ_‚»‚Μ‘Ό‚ΜΑ‰»Η‚ΜαQ
60570,97,97 ‚»‚Μ‘Όθp_‚»‚Μ‘Ό‚ΜΑ‰»Η‚ΜαQ
70010,99,99 θp‚Θ‚µ_“ξ•”‚Μ—Η«ξα‡i’Ε‘‚π‚­Bj
70010,97,97 ‚»‚Μ‘Όθp_“ξ•”‚Μ—Η«ξα‡i’Ε‘‚π‚­Bj
70010,1,01 lE‹λ²“ξ•”ξα‡“Eop“™
70020,99,99 θp‚Θ‚µ__o‚Μ—Η«ξα‡
70020,97,97 ‚»‚Μ‘Όθp__o‚Μ—Η«ξα‡
70030,99,99 θp‚Θ‚µ_’ΕE‘ξα‡
70030,97,97 ‚»‚Μ‘Όθp_’ΕE‘ξα‡
70030,1,01 ‘ξα‡“Eop@‘“ΰ‚Μ‚ΰ‚Μ“™
70040,99,99 θp‚Θ‚µ_‚Μ««ξα‡i’Ε‚π‚­Bj
70040,97,97 ‚»‚Μ‘Όθp_‚Μ««ξα‡i’Ε‚π‚­Bj
70040,3,03 ««ξα‡θp“™
70040,2,02 lΨ’fpiγrA‘OrAθA‘ε‘ΪA‰Ί‘ΪA‘«j“™
70041,99,99 θp‚Θ‚µ_“ξ•”‚Μ««ξα‡i‘‚π‚­Bj
70041,97,97 ‚»‚Μ‘Όθp_“ξ•”‚Μ««ξα‡i‘‚π‚­Bj
70041,1,01 lE‹λ²“ξ•”««ξα‡θp
70050,99,99 θp‚Θ‚µ_¨Φί‰A¨‚ΜαQi‚»‚Μ‘Όj
70050,97,97 ‚»‚Μ‘Όθp_¨Φί‰A¨‚ΜαQi‚»‚Μ‘Όj
70060,99,99 θp‚Θ‚µ_θ•I‚ΜΦί‰
70060,97,97 ‚»‚Μ‘Όθp_θ•I‚ΜΦί‰
70070,99,99 θp‚Θ‚µ_‘‰iγj
70070,97,97 ‚»‚Μ‘Όθp_‘‰iγj
70071,99,99 θp‚Θ‚µ_‘‰iγΘOj
70071,97,97 ‚»‚Μ‘Όθp_‘‰iγΘOj
70080,99,99 θp‚Θ‚µ_–‰AδFβ‰A“ξ‚Θ‚Η‚Μ‰Ηiγj
70080,97,97 ‚»‚Μ‘Όθp_–‰AδFβ‰A“ξ‚Θ‚Η‚Μ‰Ηiγj
70085,99,99 θp‚Θ‚µ_–‰AδFβ‰A“ξ‚Θ‚Η‚Μ‰ΗiγΘOj
70085,97,97 ‚»‚Μ‘Όθp_–‰AδFβ‰A“ξ‚Θ‚Η‚Μ‰ΗiγΘOj
70090,99,99 θp‚Θ‚µ_‹Ψ‰i΄υ«‚πά‚ήBj
70090,97,97 ‚»‚Μ‘Όθp_‹Ψ‰i΄υ«‚πά‚ήBj
70090,1,01 ‹Ψ“χ“ΰΩ•¨“Eop
07010x,99,99 θp‚Θ‚µ_‰»”^«Φί‰i‰Ίj
07010x,97,97 ‚»‚Μ‘Όθp_‰»”^«Φί‰i‰Ίj
07010x,1,01 Φί‹Ύ‰ΊΦί–Ψp@¨AA•G“™
70150,99,99 θp‚Θ‚µ_γ_oαQi‹ΉsoϋΗσQ‚πά‚ήBj
70150,97,97 ‚»‚Μ‘Όθp_γ_oαQi‹ΉsoϋΗσQ‚πά‚ήBj
70160,99,99 θp‚Θ‚µ_γ––½_o–ƒαƒ
70160,97,97 ‚»‚Μ‘Όθp_γ––½_o–ƒαƒ
70160,1,01 θΗJ•ϊθp“™
70170,99,99 θp‚Θ‚µ_‰Ί_oΎ³
70170,97,97 ‚»‚Μ‘Όθp_‰Ί_oΎ³
70180,99,99 θp‚Θ‚µ_’Ε•Ο`
70180,97,97 ‚»‚Μ‘Όθp_’Ε•Ο`
70190,99,99 θp‚Θ‚µ_γEθ‚Μ•Ο`i‹UΦί‚π‚­Bj
70190,97,97 ‚»‚Μ‘Όθp_γEθ‚Μ•Ο`i‹UΦί‚π‚­Bj
70190,2,02 δFβΨJpiΦί‹Ύ‰Ί‚Ι‚ζ‚ι‚ΰ‚Μ‚πά‚ήBj“™
70190,1,01 ”η•Ωμ¬pAΪ“®pAΨ’fpA‘J‰„”η•Ωp“™
70200,99,99 θp‚Θ‚µ_θΦίΗi•Ο`«‚πά‚ήBj
70200,97,97 ‚»‚Μ‘Όθp_θΦίΗi•Ο`«‚πά‚ήBj
70210,99,99 θp‚Θ‚µ_‰Ί‚Μ•Ο`
70210,97,97 ‚»‚Μ‘Όθp_‰Ί‚Μ•Ο`
70210,2,02 “ΰΩ•¨i‘}“ό•¨‚πά‚ήBj‹p@‚»‚Μ‘Ό‚Μ“WAη–ΚA¨bAγrA‘ε‘Ϊ“™
70210,1,01 Ψ‚θp@‘OrA‰Ί‘Ϊ“™
70230,99,99 θp‚Θ‚µ_•GΦίΗi•Ο`«‚πά‚ήBj
70230,97,97 ‚»‚Μ‘Όθp_•GΦίΗi•Ο`«‚πά‚ήBj
70230,3,03 Φί–Ψp@¨AA•G“™
70230,2,02 ϊEp“™
70230,1,01 lHΦίΔ’u·p“™
70240,99,99 θp‚Θ‚µ_“®—hΦίΗ
70240,97,97 ‚»‚Μ‘Όθp_“®—hΦίΗ
70250,99,99 θp‚Θ‚µ_Φί“ΰαAΦί“ΰ—V—£‘Μ
70250,97,97 ‚»‚Μ‘Όθp_Φί“ΰαAΦί“ΰ—V—£‘Μ
70270,99,99 θp‚Θ‚µ_•GW‚ΜαQ
70270,97,97 ‚»‚Μ‘Όθp_•GW‚ΜαQ
70280,99,99 θp‚Θ‚µ_’[ΗA“ξαQE‰σ€A”­ηϊ‚Μ•GΦίαQ
70280,97,97 ‚»‚Μ‘Όθp_’[ΗA“ξαQE‰σ€A”­ηϊ‚Μ•GΦίαQ
70280,1,01 Ψ‚θp@‘OrA‰Ί‘Ϊ“™
70290,99,99 θp‚Θ‚µ_γΦίSkE‹­’Ό
70290,97,97 ‚»‚Μ‘Όθp_γΦίSkE‹­’Ό
70310,99,99 θp‚Θ‚µ_‰ΊΦίSkE‹­’Ό
70310,97,97 ‚»‚Μ‘Όθp_‰ΊΦίSkE‹­’Ό
70330,99,99 θp‚Θ‚µ_’Ε΄υi΄υ‚πά‚ήBj
70330,97,97 ‚»‚Μ‘Όθp_’Ε΄υi΄υ‚πά‚ήBj
70341,99,99 θp‚Θ‚µ_’Η‹·σi’ΕΗ‚πά‚ήBj@θς•”
70341,97,97 ‚»‚Μ‘Όθp_’Η‹·σi’ΕΗ‚πά‚ήBj@θς•”
70341,3,03 “ΰ‹‹Ύ‰Ί’Ε‹|Ψp“™
70341,2,02 ’ΕΕ’θpA’Ε‹|ΨpA’Ε‹|`¬pi‘½’ΕΤ–”‚Ν‘½’Ε‹|‚Μκ‡‚πά‚ήBj@‘O•ϋ’Ε‘ΜΕ’θ“™
70341,1,01 ’ΕΕ’θpA’Ε‹|ΨpA’Ε‹|`¬pi‘½’ΕΤ–”‚Ν‘½’Ε‹|‚Μκ‡‚πά‚ήBj@γ•ϋ–”‚Νγ‘¤•ϋΕ’θ“™
70343,99,99 θp‚Θ‚µ_’Η‹·σi’ΕΗ‚πά‚ήBj@•””ΥA•sΐ’θ’Ε
70343,97,97 ‚»‚Μ‘Όθp_’Η‹·σi’ΕΗ‚πά‚ήBj@•””ΥA•sΐ’θ’Ε
70343,2,02 “ΰ‹‹Ύ‰Ί’Ε‹|Ψp“™
70343,1,01 ’ΕΕ’θpA’Ε‹|ΨpA’Ε‹|`¬pi‘½’ΕΤ–”‚Ν‘½’Ε‹|‚Μκ‡‚πά‚ήBj@‘O•ϋ’Ε‘ΜΕ’θ“™
07034x,99,99 θp‚Θ‚µ_’Η‹·σi’ΕΗ‚πά‚ήBj
07034x,97,97 ‚»‚Μ‘Όθp_’Η‹·σi’ΕΗ‚πά‚ήBj
07034x,2,02 “ΰ‹‹Ύ‰Ί’Ε‹|Ψp“™
07034x,1,01 ’ΕΕ’θpA’Ε‹|ΨpA’Ε‹|`¬pi‘½’ΕΤ–”‚Ν‘½’Ε‹|‚Μκ‡‚πά‚ήBj@‘O•ϋ’Ε‘ΜΕ’θ“™
70350,99,99 θp‚Θ‚µ_’ΕΤ”Β•Ο«Aƒwƒ‹ƒjƒA
70350,97,97 ‚»‚Μ‘Όθp_’ΕΤ”Β•Ο«Aƒwƒ‹ƒjƒA
70350,2,02 ’ΕΤ”Β“Eop@γ•ϋ“Eop
70350,1,01 “ΰ‹‹Ύ‰Ί’ΕΤ”Β“EoiΨjp@γ•ϋ“Eop“™
70370,99,99 θp‚Θ‚µ_’Ε‘eι Η
70370,97,97 ‚»‚Μ‘Όθp_’Ε‘eι Η
70370,2,02 ’ΕΕ’θpA’Ε‹|ΨpA’Ε‹|`¬pi‘½’ΕΤ–”‚Ν‘½’Ε‹|‚Μκ‡‚πά‚ήBj“™
70370,1,01 o”η“I’Ε‘Μ`¬p
70380,99,99 θp‚Θ‚µ_ƒKƒ“ƒOƒƒIƒ“
70380,97,97 ‚»‚Μ‘Όθp_ƒKƒ“ƒOƒƒIƒ“
70380,1,01 Φί–Ψp“™
70390,99,99 θp‚Θ‚µ_όΫ‰θΧ–E«αQ
70390,97,97 ‚»‚Μ‘Όθp_όΫ‰θΧ–E«αQ
70395,99,99 θp‚Θ‚µ_‰σ€«‹Ψ–‰
70395,97,97 ‚»‚Μ‘Όθp_‰σ€«‹Ψ–‰
07040x,99,99 θp‚Θ‚µ_Φί“‰σ€AΦίΗi•Ο`«‚πά‚ήBj
07040x,97,97 ‚»‚Μ‘Όθp_Φί“‰σ€AΦίΗi•Ο`«‚πά‚ήBj
07040x,3,03 Φί–Ψp@¨AA•G“™
07040x,2,02 ‘ε‘Ϊ“‰ρ“]Ψ‚θp“™
07040x,1,01 lHΦίΔ’u·p“™
70420,99,99 θp‚Θ‚µ_‘ε‘Ϊ“‚·‚Χ‚θΗ
70420,97,97 ‚»‚Μ‘Όθp_‘ε‘Ϊ“‚·‚Χ‚θΗ
70420,1,01 “ΰΩ•¨i‘}“ό•¨‚πά‚ήBj‹p@‚»‚Μ‘Ό‚Μ“WAη–ΚA¨bAγrA‘ε‘Ϊ
70430,99,99 θp‚Θ‚µ__oΩ‰h—{ΗA¬’·αQAαQi‚»‚Μ‘Όj
70430,97,97 ‚»‚Μ‘Όθp__oΩ‰h—{ΗA¬’·αQAαQi‚»‚Μ‘Όj
70430,1,01 •”•Ψp“™
70440,99,99 θp‚Θ‚µ_F‘f«γO–Ρ‹ί«–‰
70440,97,97 ‚»‚Μ‘Όθp_F‘f«γO–Ρ‹ί«–‰
70460,99,99 θp‚Θ‚µ_Φίƒyƒ‹ƒeƒX•a
70460,97,97 ‚»‚Μ‘Όθp_Φίƒyƒ‹ƒeƒX•a
70470,99,99 θp‚Θ‚µ_ΦίƒƒEƒ}ƒ`
70470,97,97 ‚»‚Μ‘Όθp_ΦίƒƒEƒ}ƒ`
70470,2,02 ‹Ψ“χ“ΰΩ•¨“Eop“™
70470,1,01 lHΦίΔ’u·p“™
70480,99,99 θp‚Θ‚µ_’ΕΦί‰
70480,97,97 ‚»‚Μ‘Όθp_’ΕΦί‰
70510,99,99 θp‚Θ‚µ_’Ι•—AΦί‚ΜαQi‚»‚Μ‘Όj
70510,97,97 ‚»‚Μ‘Όθp_’Ι•—AΦί‚ΜαQi‚»‚Μ‘Όj
70520,99,99 θp‚Θ‚µ_ƒƒ“ƒpίAƒƒ“ƒpΗ‚ΜΎ³
70520,97,97 ‚»‚Μ‘Όθp_ƒƒ“ƒpίAƒƒ“ƒpΗ‚ΜΎ³
70560,99,99 θp‚Θ‚µ_d“Δ‚Θ‘ν•a•Ο‚π”Ί‚¤‘Sg«©Θ–Ζ‰uΎ³
70560,97,97 ‚»‚Μ‘Όθp_d“Δ‚Θ‘ν•a•Ο‚π”Ί‚¤‘Sg«©Θ–Ζ‰uΎ³
70570,99,99 θp‚Θ‚µ_α­Sk
70570,97,97 ‚»‚Μ‘Όθp_α­Sk
70570,1,01 α­Sk`¬θp
70580,99,99 θp‚Θ‚µ_Ξθς
70580,97,97 ‚»‚Μ‘Όθp_Ξθς
70590,99,99 θp‚Θ‚µ_ΗξAƒƒ“ƒpΗξ
70590,97,97 ‚»‚Μ‘Όθp_ΗξAƒƒ“ƒpΗξ
70600,99,99 θp‚Θ‚µ_ά•Ο`–ό‡A–ό‡•s‘S‚Θ‚Η‚Ι‚ζ‚ι•Ο`iγΘOj
70600,97,97 ‚»‚Μ‘Όθp_ά•Ο`–ό‡A–ό‡•s‘S‚Θ‚Η‚Ι‚ζ‚ι•Ο`iγΘOj
70600,1,01 ’·’²®θp“™
70610,99,99 θp‚Θ‚µ_ά•Ο`–ό‡A–ό‡•s‘S‚Θ‚Η‚Ι‚ζ‚ι•Ο`iγj
70610,97,97 ‚»‚Μ‘Όθp_ά•Ο`–ό‡A–ό‡•s‘S‚Θ‚Η‚Ι‚ζ‚ι•Ο`iγj
70610,1,01 •Ο`΅–όά‹Έ³θp@‘OrA‰Ί‘Ϊ“™
71030,99,99 θp‚Θ‚µ_‚»‚Μ‘Ό‚Μ‹ΨinE‹‡‘gD‚ΜΎ³
71030,97,97 ‚»‚Μ‘Όθp_‚»‚Μ‘Ό‚Μ‹ΨinE‹‡‘gD‚ΜΎ³
80005,99,99 θp‚Θ‚µ_•Fξ
80005,97,97 ‚»‚Μ‘Όθp_•Fξ
80005,1,01 ”η•†««ξα‡Ψp“™
80006,99,99 θp‚Θ‚µ_”η•†‚Μ««ξα‡i•FξΘOj
80006,97,97 ‚»‚Μ‘Όθp_”η•†‚Μ««ξα‡i•FξΘOj
80006,1,01 ”η•†««ξα‡Ψp“™
80007,99,99 θp‚Θ‚µ_”η•†‚Μ—Η«V¶•¨
80007,97,97 ‚»‚Μ‘Όθp_”η•†‚Μ—Η«V¶•¨
80007,1,01 ”η•†A”η‰Ίξα‡“EopiIo•”j“™
80010,99,99 θp‚Θ‚µ_”^”ηΗ
80010,97,97 ‚»‚Μ‘Όθp_”^”ηΗ
80020,99,99 θp‚Θ‚µ_‘Ρσαv]
80020,97,97 ‚»‚Μ‘Όθp_‘Ρσαv]
80030,99,99 θp‚Θ‚µ_αv]i‘Ρσαv]‚π‚­BjA‚»‚Μ—ήΗ
80030,97,97 ‚»‚Μ‘Όθp_αv]i‘Ρσαv]‚π‚­BjA‚»‚Μ—ήΗ
80040,99,99 θp‚Θ‚µ_ƒEƒCƒ‹ƒX«‹}«”­]Η
80040,97,97 ‚»‚Μ‘Όθp_ƒEƒCƒ‹ƒX«‹}«”­]Η
80050,99,99 θp‚Θ‚µ_Ό]A”η•†‰Q
80050,97,97 ‚»‚Μ‘Όθp_Ό]A”η•†‰Q
80080,99,99 θp‚Θ‚µ_αy]Aε@–ƒ]
80080,97,97 ‚»‚Μ‘Όθp_αy]Aε@–ƒ]
80090,99,99 θp‚Θ‚µ_g”ΑΗ
80090,97,97 ‚»‚Μ‘Όθp_g”ΑΗ
80100,99,99 θp‚Θ‚µ_–ς]A’†“Ε]
80100,97,97 ‚»‚Μ‘Όθp_–ς]A’†“Ε]
80105,99,99 θp‚Θ‚µ_dΗ–ς]
80105,97,97 ‚»‚Μ‘Όθp_dΗ–ς]
80110,99,99 θp‚Θ‚µ_…αvΗ
80110,97,97 ‚»‚Μ‘Όθp_…αvΗ
80120,99,99 θp‚Θ‚µ_g”ηΗ
80120,97,97 ‚»‚Μ‘Όθp_g”ηΗ
80130,99,99 θp‚Θ‚µ_p‰»ΗAp”ηΗ
80130,97,97 ‚»‚Μ‘Όθp_p‰»ΗAp”ηΗ
80140,99,99 θp‚Θ‚µ_‰Η«p‰»Η
80140,97,97 ‚»‚Μ‘Όθp_‰Η«p‰»Η
80150,99,99 θp‚Θ‚µ_’ά‚ΜΎ³
80150,97,97 ‚»‚Μ‘Όθp_’ά‚ΜΎ³
80160,99,99 θp‚Θ‚µ_”η•†‚Μήk«αQ
80160,97,97 ‚»‚Μ‘Όθp_”η•†‚Μήk«αQ
80180,99,99 θp‚Θ‚µ_•κ”ΑA•κ”ΑΗ
80180,97,97 ‚»‚Μ‘Όθp_•κ”ΑA•κ”ΑΗ
80190,99,99 θp‚Θ‚µ_’E–ΡΗ
80190,97,97 ‚»‚Μ‘Όθp_’E–ΡΗ
80210,99,99 θp‚Θ‚µ_‚΄αA”η•†‚ΜαQi‚»‚Μ‘Όj
80210,97,97 ‚»‚Μ‘Όθp_‚΄αA”η•†‚ΜαQi‚»‚Μ‘Όj
80220,99,99 θp‚Θ‚µ_ƒGƒNƒƒ“Ύ‘B‚ΜαQAƒAƒ|ƒNƒƒ“Ύ‘B‚ΜαQ
80220,97,97 ‚»‚Μ‘Όθp_ƒGƒNƒƒ“Ύ‘B‚ΜαQAƒAƒ|ƒNƒƒ“Ύ‘B‚ΜαQ
80230,99,99 θp‚Θ‚µ_”η•†F‘fΩνΗ
80230,97,97 ‚»‚Μ‘Όθp_”η•†F‘fΩνΗ
80240,99,99 θp‚Θ‚µ_‘½ΎΗ
80240,97,97 ‚»‚Μ‘Όθp_‘½ΎΗ
80245,99,99 θp‚Θ‚µ_•ϊΛό”η•†αQ
80245,97,97 ‚»‚Μ‘Όθp_•ϊΛό”η•†αQ
80250,99,99 θp‚Θ‚µ_ερα’Χα‡
80250,97,97 ‚»‚Μ‘Όθp_ερα’Χα‡
80260,99,99 θp‚Θ‚µ_‚»‚Μ‘Ό‚Μ”η•†‚ΜΎ³
80260,97,97 ‚»‚Μ‘Όθp_‚»‚Μ‘Ό‚Μ”η•†‚ΜΎ³
80270,99,99 θp‚Θ‚µ_H•¨ƒAƒƒ‹ƒM[
80270,97,97 ‚»‚Μ‘Όθp_H•¨ƒAƒƒ‹ƒM[
90010,99,99 θp‚Θ‚µ_“ϋ–[‚Μ««ξα‡
90010,97,97 ‚»‚Μ‘Όθp_“ϋ–[‚Μ««ξα‡
90010,4,04 ‘gDg’£ν‚Ι‚ζ‚ιΔθpiκA‚Ι‚Β‚«j@“ϋ–[iΔθpj‚Μκ‡“™
90010,3,03 “®–¬i”ηj•Ω‹y‚Ρ‹Ψi”ηj•Ω‚π—p‚Ά‚½“ϋ–[Δpi“ϋ–[Ψγj@“ρ“I‚Ιs‚¤‚ΰ‚Μ
90010,2,02 “ϋ‘B««ξα‡θp@“ϋ–[•”•Ψpiγόβ|•”s΄‚π”Ί‚ν‚Θ‚Ά‚ΰ‚Μj
90010,1,01 “ϋ‘B««ξα‡θp@“ϋ–[•”•Ψpiγόβ|•”s΄‚π”Ί‚¤‚ΰ‚Μi“ΰ‹‹Ύ‰Ί‚Ι‚ζ‚ι‚ΰ‚Μ‚πά‚ήBjj“™
90020,99,99 θp‚Θ‚µ_“ϋ–[‚Μ—Η«ξα‡
90020,97,97 ‚»‚Μ‘Όθp_“ϋ–[‚Μ—Η«ξα‡
90030,99,99 θp‚Θ‚µ_“ϋ–[‚Μ‰Η«αQ
90030,97,97 ‚»‚Μ‘Όθp_“ϋ–[‚Μ‰Η«αQ
90040,99,99 θp‚Θ‚µ_“ϋ–[‚Μ`‘ΤΩνA—«‰»“ϋ–[A“ϋ‘BΗ‚Θ‚Η
90040,97,97 ‚»‚Μ‘Όθp_“ϋ–[‚Μ`‘ΤΩνA—«‰»“ϋ–[A“ϋ‘BΗ‚Θ‚Η
90040,1,01 •‘wA”ηp“™
100010,99,99 θp‚Θ‚µ_‘½”­«“ΰ•”ε‘BξΗ
100010,97,97 ‚»‚Μ‘Όθp_‘½”­«“ΰ•”ε‘BξΗ
100020,99,99 θp‚Θ‚µ_bσ‘B‚Μ««ξα‡
100020,97,97 ‚»‚Μ‘Όθp_bσ‘B‚Μ««ξα‡
100020,1,01 bσ‘B««ξα‡θp@Ψiθς•”O‘¤‹ζζs΄‚π”Ί‚ν‚Θ‚Ά‚ΰ‚Μj“™
100030,99,99 θp‚Θ‚µ_“ΰ•”ε‘B‹y‚ΡΦA‘gD‚Μξα‡
100030,97,97 ‚»‚Μ‘Όθp_“ΰ•”ε‘B‹y‚ΡΦA‘gD‚Μξα‡
100040,99,99 θp‚Θ‚µ_“”A•a«ƒPƒgƒAƒVƒh[ƒVƒXA”ρƒPƒgƒ“¨‡
100040,97,97 ‚»‚Μ‘Όθp_“”A•a«ƒPƒgƒAƒVƒh[ƒVƒXA”ρƒPƒgƒ“¨‡
100050,99,99 θp‚Θ‚µ_’α“Ηi“”A•a΅—Γ‚Ι”Ί‚¤κ‡j
100050,97,97 ‚»‚Μ‘Όθp_’α“Ηi“”A•a΅—Γ‚Ι”Ί‚¤κ‡j
10006x,99,99 θp‚Θ‚µ_‚P^“”A•ai“”A•a«ƒPƒgƒAƒVƒh[ƒVƒX‚π‚­Bj
10006x,97,97 ‚»‚Μ‘Όθp_‚P^“”A•ai“”A•a«ƒPƒgƒAƒVƒh[ƒVƒX‚π‚­Bj
10007x,99,99 θp‚Θ‚µ_‚Q^“”A•ai“”A•a«ƒPƒgƒAƒVƒh[ƒVƒX‚π‚­Bj
10007x,97,97 ‚»‚Μ‘Όθp_‚Q^“”A•ai“”A•a«ƒPƒgƒAƒVƒh[ƒVƒX‚π‚­Bj
10008x,99,99 θp‚Θ‚µ_‚»‚Μ‘Ό‚Μ“”A•ai“”A•a«ƒPƒgƒAƒVƒh[ƒVƒX‚π‚­Bj
10008x,97,97 ‚»‚Μ‘Όθp_‚»‚Μ‘Ό‚Μ“”A•ai“”A•a«ƒPƒgƒAƒVƒh[ƒVƒX‚π‚­Bj
100100,99,99 θp‚Θ‚µ_“”A•a‘«•a•Ο
100100,97,97 ‚»‚Μ‘Όθp_“”A•a‘«•a•Ο
100120,99,99 θp‚Θ‚µ_”μ–Η
100120,97,97 ‚»‚Μ‘Όθp_”μ–Η
100130,99,99 θp‚Θ‚µ_bσ‘B‚Μ—Η«‹ί
100130,97,97 ‚»‚Μ‘Όθp_bσ‘B‚Μ—Η«‹ί
100140,99,99 θp‚Θ‚µ_bσ‘B‹@”\΄iΗ
100140,97,97 ‚»‚Μ‘Όθp_bσ‘B‹@”\΄iΗ
100150,99,99 θp‚Θ‚µ_–«bσ‘B‰
100150,97,97 ‚»‚Μ‘Όθp_–«bσ‘B‰
100160,99,99 θp‚Θ‚µ_bσ‘B‹@”\’α‰ΊΗ
100160,97,97 ‚»‚Μ‘Όθp_bσ‘B‹@”\’α‰ΊΗ
100170,99,99 θp‚Θ‚µ_‹}«bσ‘B‰
100170,97,97 ‚»‚Μ‘Όθp_‹}«bσ‘B‰
100180,99,99 θp‚Θ‚µ_•›t”ηΏ‹@”\΄iΗA”ρ‹@”\«•›t”ηΏξα‡
100180,97,97 ‚»‚Μ‘Όθp_•›t”ηΏ‹@”\΄iΗA”ρ‹@”\«•›t”ηΏξα‡
100180,2,02 • o‹Ύ‰Ί•›t“Eop“™
100180,1,01 •›t««ξα‡θp“™
100190,99,99 θp‚Θ‚µ_FΧ–EξAƒpƒ‰ƒKƒ“ƒOƒƒI[ƒ}
100190,97,97 ‚»‚Μ‘Όθp_FΧ–EξAƒpƒ‰ƒKƒ“ƒOƒƒI[ƒ}
100202,99,99 θp‚Θ‚µ_‚»‚Μ‘Ό‚Μ•›t”ηΏ‹@”\’α‰ΊΗ
100202,97,97 ‚»‚Μ‘Όθp_‚»‚Μ‘Ό‚Μ•›t”ηΏ‹@”\’α‰ΊΗ
100210,99,99 θp‚Θ‚µ_’α“Η
100210,97,97 ‚»‚Μ‘Όθp_’α“Η
100220,99,99 θp‚Θ‚µ_΄”­«•›bσ‘B‹@”\΄iΗA•›bσ‘Bξα‡
100220,97,97 ‚»‚Μ‘Όθp_΄”­«•›bσ‘B‹@”\΄iΗA•›bσ‘Bξα‡
100220,1,01 •›bσ‘Biγ”η¬‘Μj‘Bξ‰ί`¬θp@•›bσ‘Biγ”η¬‘Μj“Eop“™
100230,99,99 θp‚Θ‚µ_‘±”­«•›bσ‘B‹@”\΄iΗ
100230,97,97 ‚»‚Μ‘Όθp_‘±”­«•›bσ‘B‹@”\΄iΗ
100230,1,01 •›bσ‘Biγ”η¬‘Μj‘Bξ‰ί`¬θp
100240,99,99 θp‚Θ‚µ_•›bσ‘B‹@”\’α‰ΊΗ
100240,97,97 ‚»‚Μ‘Όθp_•›bσ‘B‹@”\’α‰ΊΗ
100250,99,99 θp‚Θ‚µ_‰Ί‚‘Μ‹@”\’α‰ΊΗ
100250,97,97 ‚»‚Μ‘Όθp_‰Ί‚‘Μ‹@”\’α‰ΊΗ
100260,99,99 θp‚Θ‚µ_‰Ί‚‘Μ‹@”\΄iΗ
100260,97,97 ‚»‚Μ‘Όθp_‰Ί‚‘Μ‹@”\΄iΗ
100270,99,99 θp‚Θ‚µ_Τ”]‰Ί‚‘ΜΎ³i‚»‚Μ‘Όj
100270,97,97 ‚»‚Μ‘Όθp_Τ”]‰Ί‚‘ΜΎ³i‚»‚Μ‘Όj
100280,99,99 θp‚Θ‚µ_”A•φΗ
100280,97,97 ‚»‚Μ‘Όθp_”A•φΗ
100285,99,99 θp‚Θ‚µ_‚`‚c‚g•”εΩνΗ
100285,97,97 ‚»‚Μ‘Όθp_‚`‚c‚g•”εΩνΗ
100290,99,99 θp‚Θ‚µ_ƒOƒ‹ƒR[ƒX’²ίEδX“ΰ•”εαQA‚»‚Μ‘Ό‚Μ“ΰ•”εΎ³
100290,97,97 ‚»‚Μ‘Όθp_ƒOƒ‹ƒR[ƒX’²ίEδX“ΰ•”εαQA‚»‚Μ‘Ό‚Μ“ΰ•”εΎ³
100300,99,99 θp‚Θ‚µ_‘γΣ«Ύ³i“”A•a‚π‚­Bj
100300,97,97 ‚»‚Μ‘Όθp_‘γΣ«Ύ³i“”A•a‚π‚­Bj
100310,99,99 θp‚Θ‚µ_tΗ«‚³Η
100310,97,97 ‚»‚Μ‘Όθp_tΗ«‚³Η
100320,99,99 θp‚Θ‚µ_“ΰ•”ε«‚³Ηi‚»‚Μ‘Όj
100320,97,97 ‚»‚Μ‘Όθp_“ΰ•”ε«‚³Ηi‚»‚Μ‘Όj
100330,99,99 θp‚Θ‚µ_‰h—{αQi‚»‚Μ‘Όj
100330,97,97 ‚»‚Μ‘Όθp_‰h—{αQi‚»‚Μ‘Όj
100335,99,99 θp‚Θ‚µ_‘γΣαQi‚»‚Μ‘Όj
100335,97,97 ‚»‚Μ‘Όθp_‘γΣαQi‚»‚Μ‘Όj
100360,99,99 θp‚Θ‚µ_¬lΗ
100360,97,97 ‚»‚Μ‘Όθp_¬lΗ
100370,99,99 θp‚Θ‚µ_ƒAƒ~ƒƒCƒh[ƒVƒX
100370,97,97 ‚»‚Μ‘Όθp_ƒAƒ~ƒƒCƒh[ƒVƒX
100380,99,99 θp‚Θ‚µ_‘Μ‰t—ΚΈ­Η
100380,97,97 ‚»‚Μ‘Όθp_‘Μ‰t—ΚΈ­Η
100391,99,99 θp‚Θ‚µ_’αƒJƒƒEƒ€Η
100391,97,97 ‚»‚Μ‘Όθp_’αƒJƒƒEƒ€Η
100392,99,99 θp‚Θ‚µ_ƒJƒ‹ƒVƒEƒ€‘γΣαQ
100392,97,97 ‚»‚Μ‘Όθp_ƒJƒ‹ƒVƒEƒ€‘γΣαQ
100393,99,99 θp‚Θ‚µ_‚»‚Μ‘Ό‚Μ‘Μ‰tE“d‰πΏE_‰–ξ•½tαQ
100393,97,97 ‚»‚Μ‘Όθp_‚»‚Μ‘Ό‚Μ‘Μ‰tE“d‰πΏE_‰–ξ•½tαQ
11001x,99,99 θp‚Θ‚µ_tξα‡
11001x,97,97 ‚»‚Μ‘Όθp_tξα‡
11001x,1,01 ti”AΗj««ξα‡θp“™
11002x,99,99 θp‚Θ‚µ_«ν‚Μ««ξα‡
11002x,97,97 ‚»‚Μ‘Όθp_«ν‚Μ««ξα‡
11004x,99,99 θp‚Θ‚µ_”A“ΉE«ν‚Μ—Η«ξα‡
11004x,97,97 ‚»‚Μ‘Όθp_”A“ΉE«ν‚Μ—Η«ξα‡
110050,99,99 θp‚Θ‚µ_γ• –Ύ³
110050,97,97 ‚»‚Μ‘Όθp_γ• –Ύ³
110050,1,01 γ• –««ξα‡θp“™
110060,99,99 θp‚Θ‚µ_tα±E”AΗ‚Μ««ξα‡
110060,97,97 ‚»‚Μ‘Όθp_tα±E”AΗ‚Μ««ξα‡
110060,1,01 ti”AΗj««ξα‡θp“™
110070,99,99 θp‚Θ‚µ_δNγχξα‡
110070,97,97 ‚»‚Μ‘Όθp_δNγχξα‡
110070,3,03 δNγχ««ξα‡θp@o”A“Ή“Iθp
110070,2,02 δNγχ««ξα‡θp@o”A“Ή“Iθp+p’†Η“™•`oB‰e‰ΑZ
110070,1,01 δNγχ««ξα‡θp@Ψ“™
110080,99,99 θp‚Θ‚µ_‘O—§‘B‚Μ««ξα‡
110080,97,97 ‚»‚Μ‘Όθp_‘O—§‘B‚Μ««ξα‡
110080,3,03 o”η“I•ϊΛό΅—Γ—p‹ΰ‘®ƒ}[ƒJ[—―’up
110080,2,02 Έ‘ƒ“Eop
110080,1,01 ‘O—§‘B««ξα‡θp“™
110100,99,99 θp‚Θ‚µ_Έ‘ƒξα‡
110100,97,97 ‚»‚Μ‘Όθp_Έ‘ƒξα‡
110100,1,01 Έ‘ƒ««ξα‡θp
11012x,99,99 θp‚Θ‚µ_γ•””AHΎ³
11012x,97,97 ‚»‚Μ‘Όθp_γ•””AHΎ³
11012x,4,04 ‘ΜOΥ‚”gtE”AΗ‹Ξ”jΣpiκA‚Ι‚Β‚«j
11012x,3,03 o”η“I”AH‹Ξ‹pio”η“Itα‘‘Άέp‚πά‚ήBj
11012x,2,02 o”A“Ή“I”AH‹Ξ‹p
11012x,1,01 tΨΞp“™
11013x,99,99 θp‚Θ‚µ_‰Ί•””AHΎ³
11013x,97,97 ‚»‚Μ‘Όθp_‰Ί•””AHΎ³
11013x,4,04 δNγχ‹ΞAΩ•¨“Eop@o”A“Ή“Iθp“™
11013x,3,03 ”AΗδNγχ•«‡p“™
11013x,2,02 ”A“Ή‹·σ“ΰ‹‹Ύθp“™
11013x,1,01 δNγχ‹ΞAΩ•¨“Eop@δNγχ‚ΚΨJp“™
110200,99,99 θp‚Θ‚µ_‘O—§‘B”μ‘εΗ“™
110200,97,97 ‚»‚Μ‘Όθp_‘O—§‘B”μ‘εΗ“™
110200,2,02 o”A“Ή“I‘O—§‘Bθp“™
110200,1,01 ‘O—§‘B”ν–‰Ί“Eop
11022x,99,99 θp‚Θ‚µ_’j«¶BνΎ³
11022x,97,97 ‚»‚Μ‘Όθp_’j«¶BνΎ³
11022x,1,01 Έυ”P“]θp“™
110260,99,99 θp‚Θ‚µ_ƒlƒtƒ[ƒ[ΗσQ
110260,97,97 ‚»‚Μ‘Όθp_ƒlƒtƒ[ƒ[ΗσQ
110270,99,99 θp‚Θ‚µ_‹}‘¬is«t‰ΗσQ
110270,97,97 ‚»‚Μ‘Όθp_‹}‘¬is«t‰ΗσQ
110275,99,99 θp‚Θ‚µ_‹}«t‰ΗσQ
110275,97,97 ‚»‚Μ‘Όθp_‹}«t‰ΗσQ
110280,99,99 θp‚Θ‚µ_–«t‰ΗσQE–«ΤΏ«t‰E–«t•s‘S
110280,97,97 ‚»‚Μ‘Όθp_–«t‰ΗσQE–«ΤΏ«t‰E–«t•s‘S
110280,3,03 “ΰƒVƒƒƒ“ƒgπ‹p“™
110280,2,02 “®–¬`¬pA•«‡p@‚»‚Μ‘Ό‚Μ“®–¬“™
110280,1,01 A‘±gs®• –σ—¬—pƒJƒe[ƒeƒ‹• o“ΰ—―’up
110290,99,99 θp‚Θ‚µ_‹}«t•s‘S
110290,97,97 ‚»‚Μ‘Όθp_‹}«t•s‘S
110290,1,01 o”η“Ititα±jα‘‘Άέp“™
110310,99,99 θp‚Θ‚µ_t‘–”‚Ν”AH‚Μ΄υΗ
110310,97,97 ‚»‚Μ‘Όθp_t‘–”‚Ν”AH‚Μ΄υΗ
110310,1,01 o”η“Ititα±jα‘‘Άέp“™
110320,99,99 θp‚Θ‚µ_tA”ε”Aν‚ΜΎ³i‚»‚Μ‘Όj
110320,97,97 ‚»‚Μ‘Όθp_tA”ε”Aν‚ΜΎ³i‚»‚Μ‘Όj
110320,2,02 O”A“Ήξα‡Ψp
110320,1,01 o”A“Ή“I“d‹C‹ΓΕp“™
110420,99,99 θp‚Θ‚µ_…tΗ“™
110420,97,97 ‚»‚Μ‘Όθp_…tΗ“™
110420,2,02 o”A“Ή“I”AΗƒXƒeƒ“ƒg—―’up“™
110420,1,01 t“Eop“™
110430,99,99 θp‚Θ‚µ_t“®–¬ΗπΗ
110430,97,97 ‚»‚Μ‘Όθp_t“®–¬ΗπΗ
120010,99,99 θp‚Θ‚µ_—‘‘ƒEq‹{•‘®ν‚Μ««ξα‡
120010,97,97 ‚»‚Μ‘Όθp_—‘‘ƒEq‹{•‘®ν‚Μ««ξα‡
120010,1,01 q‹{•‘®ν««ξα‡θpi—Ό‘¤j“™
12002x,99,99 θp‚Θ‚µ_q‹{θςE‘Μ•”‚Μ««ξα‡
12002x,97,97 ‚»‚Μ‘Όθp_q‹{θςE‘Μ•”‚Μ««ξα‡
12002x,3,03 q‹{“ΰ–‘~ΰ¦p
12002x,2,02 q‹{θς•”iδT•”jΨp“™
12002x,1,01 q‹{««ξα‡θp“™
120030,99,99 θp‚Θ‚µ_O‰A‚Μ««ξα‡
120030,97,97 ‚»‚Μ‘Όθp_O‰A‚Μ««ξα‡
120040,99,99 θp‚Θ‚µ_δT‚Μ««ξα‡
120040,97,97 ‚»‚Μ‘Όθp_δT‚Μ««ξα‡
120050,99,99 θp‚Θ‚µ_γO–Ρ«Ύ³
120050,97,97 ‚»‚Μ‘Όθp_γO–Ρ«Ύ³
120050,1,01 –Eσο‘Ω‹p“™
120060,99,99 θp‚Θ‚µ_q‹{‚Μ—Η«ξα‡
120060,97,97 ‚»‚Μ‘Όθp_q‹{‚Μ—Η«ξα‡
120060,2,02 • o‹Ύ‰ΊδT®q‹{‘S“Ep“™
120060,1,01 q‹{‘S“Ep“™
120070,99,99 θp‚Θ‚µ_—‘‘ƒ‚Μ—Η«ξα‡
120070,97,97 ‚»‚Μ‘Όθp_—‘‘ƒ‚Μ—Η«ξα‡
120070,2,02 —‘‘ƒ•”•ΨpiδT®‚πά‚ήBj@• o‹Ύ‚Ι‚ζ‚ι‚ΰ‚Μ“™
120070,1,01 —‘‘ƒ•”•ΨpiδT®‚πά‚ήBj@J• ‚Ι‚ζ‚ι‚ΰ‚Μ“™
120080,99,99 θp‚Θ‚µ_—«¶Bν‚Μ—Η«ξα‡i‚»‚Μ‘Όj
120080,97,97 ‚»‚Μ‘Όθp_—«¶Bν‚Μ—Η«ξα‡i‚»‚Μ‘Όj
120090,99,99 θp‚Θ‚µ_¶Bν’EoΗ
120090,97,97 ‚»‚Μ‘Όθp_¶Bν’EoΗ
120100,99,99 θp‚Θ‚µ_q‹{“ΰ–Η
120100,97,97 ‚»‚Μ‘Όθp_q‹{“ΰ–Η
120100,2,02 • o‹Ύ‰ΊδT®q‹{‘S“Ep“™
120100,1,01 q‹{‘S“Ep“™
120110,99,99 θp‚Θ‚µ_q‹{Eq‹{•‘®ν‚Μ‰Η«Ύ³
120110,97,97 ‚»‚Μ‘Όθp_q‹{Eq‹{•‘®ν‚Μ‰Η«Ύ³
120110,2,02 ”Υ• –O”^α‡ΨJ”r”^p“™
120110,1,01 q‹{‘S“Ep“™
120120,99,99 θp‚Θ‚µ_—‘‘ƒE—‘ΗELΤ–‚Μ”ρ‰Η«Ύ³
120120,97,97 ‚»‚Μ‘Όθp_—‘‘ƒE—‘ΗELΤ–‚Μ”ρ‰Η«Ύ³
120130,99,99 θp‚Θ‚µ_Ω«”DPiq‹{O”DPj
120130,97,97 ‚»‚Μ‘Όθp_Ω«”DPiq‹{O”DPj
120140,99,99 θp‚Θ‚µ_—¬Y
120140,97,97 ‚»‚Μ‘Όθp_—¬Y
120150,99,99 θp‚Θ‚µ_”DP‘ϊ‚Μo
120150,97,97 ‚»‚Μ‘Όθp_”DP‘ϊ‚Μo
120150,1,01 q‹{θςΗ–Dkp
120160,99,99 θp‚Θ‚µ_”DP‚³ΗσQΦAΎ³
120160,97,97 ‚»‚Μ‘Όθp_”DP‚³ΗσQΦAΎ³
120160,1,01 q‹{”j—τθp“™
120165,99,99 θp‚Θ‚µ_”DP‡•ΉΗ“™
120165,97,97 ‚»‚Μ‘Όθp_”DP‡•ΉΗ“™
120170,99,99 θp‚Θ‚µ_‘YAΨ”—‘Y
120170,97,97 ‚»‚Μ‘Όθp_‘YAΨ”—‘Y
120170,1,01 q‹{”j—τθp“™
120180,99,99 θp‚Θ‚µ_‘Ω™‹y‚Ρ‘Ω™•t‘®•¨‚ΜΩν
120180,97,97 ‚»‚Μ‘Όθp_‘Ω™‹y‚Ρ‘Ω™•t‘®•¨‚ΜΩν
120180,4,04 “ΰ‹‹Ύ“I‘Ω”Υ•«‡Ηƒ[ƒU[Δάp
120180,3,03 ‘Ω™O‰ρ“]p“™
120180,2,02 ”ΥΚ•Ψop“™
120180,1,01 q‹{‘S“Ep“™
120182,99,99 θp‚Θ‚µ_‘O’u‘Ω”Υ‹y‚Ρ’α’u‘Ω”Υ
120182,97,97 ‚»‚Μ‘Όθp_‘O’u‘Ω”Υ‹y‚Ρ’α’u‘Ω”Υ
120182,2,02 q‹{‹Ψξ“Eoijojp@δT®“™
120182,1,01 q‹{‘S“Ep“™
120185,99,99 θp‚Θ‚µ_iνΚj‘Ω”Υ‘ϊ”—£
120185,97,97 ‚»‚Μ‘Όθp_iνΚj‘Ω”Υ‘ϊ”—£
120190,99,99 θp‚Θ‚µ_—«¶Bn‚Μ‰Η«Ύ³i‚»‚Μ‘Όj
120190,97,97 ‚»‚Μ‘Όθp_—«¶Bn‚Μ‰Η«Ύ³i‚»‚Μ‘Όj
120200,99,99 θp‚Θ‚µ_”DP’†‚Μ“”A•a
120200,97,97 ‚»‚Μ‘Όθp_”DP’†‚Μ“”A•a
120200,1,01 ’ι‰¤ΨJp
120210,99,99 θp‚Θ‚µ_—««ν‚πά‚ήα‘
120210,97,97 ‚»‚Μ‘Όθp_—««ν‚πά‚ήα‘
120220,99,99 θp‚Θ‚µ_—««ν‚Μƒ|ƒ[ƒv
120220,97,97 ‚»‚Μ‘Όθp_—««ν‚Μƒ|ƒ[ƒv
120220,2,02 q‹{“ΰ–‘~ΰ¦p
120220,1,01 q‹{‘S“Ep“™
120230,99,99 θp‚Θ‚µ_q‹{‚Μ”ρ‰Η«αQ
120230,97,97 ‚»‚Μ‘Όθp_q‹{‚Μ”ρ‰Η«αQ
120230,2,02 q‹{‹Ύ‰Ίq‹{’†uΨpAq‹{“ΰo–ό’…Ψpi–ό’…”—£p‚πά‚ήBj“™
120230,1,01 q‹{‘S“Ep
120240,99,99 θp‚Θ‚µ_δT‹y‚ΡO‰A‚Μ”ρ‰Η«αQ
120240,97,97 ‚»‚Μ‘Όθp_δT‹y‚ΡO‰A‚Μ”ρ‰Η«αQ
120250,99,99 θp‚Θ‚µ_¶BEoόϊ‚ΙΦA‚·‚ι•a‘Τ
120250,97,97 ‚»‚Μ‘Όθp_¶BEoόϊ‚ΙΦA‚·‚ι•a‘Τ
120260,99,99 θp‚Θ‚µ_••Ψ‚ΜΩν
120260,97,97 ‚»‚Μ‘Όθp_••Ψ‚ΜΩν
120260,2,02 ”ΥΚ•Ψop“™
120260,1,01 q‹{”j—τθp“™
120270,99,99 θp‚Θ‚µ_Yερϊ‚π’†S‚Ζ‚·‚ι‚»‚Μ‘Ό‚ΜΎ³
120270,97,97 ‚»‚Μ‘Όθp_Yερϊ‚π’†S‚Ζ‚·‚ι‚»‚Μ‘Ό‚ΜΎ³
120271,99,99 θp‚Θ‚µ_Yερϊ‚Μ“ϋ–[αQ
120271,97,97 ‚»‚Μ‘Όθp_Yερϊ‚Μ“ϋ–[αQ
120280,99,99 θp‚Θ‚µ_”ΥΓ–¬αAO‰AΓ–¬α
120280,97,97 ‚»‚Μ‘Όθp_”ΥΓ–¬αAO‰AΓ–¬α
120290,99,99 θp‚Θ‚µ_Y‰Θ”dν«Η“ΰ‹ΓΕΗ
120290,97,97 ‚»‚Μ‘Όθp_Y‰Θ”dν«Η“ΰ‹ΓΕΗ
120300,99,99 θp‚Θ‚µ_lHφΈ‚ΙΦ‚·‚ι‡•ΉΗ
120300,97,97 ‚»‚Μ‘Όθp_lHφΈ‚ΙΦ‚·‚ι‡•ΉΗ
130010,99,99 θp‚Θ‚µ_‹}«”’•a
130010,97,97 ‚»‚Μ‘Όθp_‹}«”’•a
130020,99,99 θp‚Θ‚µ_ƒzƒWƒLƒ“•a
130020,97,97 ‚»‚Μ‘Όθp_ƒzƒWƒLƒ“•a
130030,99,99 θp‚Θ‚µ_”ρƒzƒWƒLƒ“ƒƒ“ƒpξ
130030,97,97 ‚»‚Μ‘Όθp_”ρƒzƒWƒLƒ“ƒƒ“ƒpξ
130040,99,99 θp‚Θ‚µ_‘½”­«‘ξA–Ζ‰un««V¶•¨
130040,97,97 ‚»‚Μ‘Όθp_‘½”­«‘ξA–Ζ‰un««V¶•¨
130050,99,99 θp‚Θ‚µ_‘‘B«ξα‡
130050,97,97 ‚»‚Μ‘Όθp_‘‘B«ξα‡
130060,99,99 θp‚Θ‚µ_‘Ω`¬ΗσQ
130060,97,97 ‚»‚Μ‘Όθp_‘Ω`¬ΗσQ
130070,99,99 θp‚Θ‚µ_”’‹…Ύ³i‚»‚Μ‘Όj
130070,97,97 ‚»‚Μ‘Όθp_”’‹…Ύ³i‚»‚Μ‘Όj
130080,99,99 θp‚Θ‚µ_Δ¶•s—Η«•n
130080,97,97 ‚»‚Μ‘Όθp_Δ¶•s—Η«•n
130090,99,99 θp‚Θ‚µ_•ni‚»‚Μ‘Όj
130090,97,97 ‚»‚Μ‘Όθp_•ni‚»‚Μ‘Όj
130100,99,99 θp‚Θ‚µ_”dν«Η“ΰ‹ΓΕΗσQ
130100,97,97 ‚»‚Μ‘Όθp_”dν«Η“ΰ‹ΓΕΗσQ
130110,99,99 θp‚Θ‚µ_o«Ύ³i‚»‚Μ‘Όj
130110,97,97 ‚»‚Μ‘Όθp_o«Ύ³i‚»‚Μ‘Όj
130111,99,99 θp‚Θ‚µ_ƒAƒƒ‹ƒM[«‡”Α•a
130111,97,97 ‚»‚Μ‘Όθp_ƒAƒƒ‹ƒM[«‡”Α•a
130120,99,99 θp‚Θ‚µ_‰tΎ³i‚»‚Μ‘Όj
130120,97,97 ‚»‚Μ‘Όθp_‰tΎ³i‚»‚Μ‘Όj
130130,99,99 θp‚Θ‚µ_‹ΓΕΩνi‚»‚Μ‘Όj
130130,97,97 ‚»‚Μ‘Όθp_‹ΓΕΩνi‚»‚Μ‘Όj
130140,99,99 θp‚Θ‚µ_‘ΆνΎ³i‚»‚Μ‘Όj
130140,97,97 ‚»‚Μ‘Όθp_‘ΆνΎ³i‚»‚Μ‘Όj
130150,99,99 θp‚Θ‚µ_΄”­«–Ζ‰u•s‘SΗσQ
130150,97,97 ‚»‚Μ‘Όθp_΄”­«–Ζ‰u•s‘SΗσQ
130160,99,99 θp‚Θ‚µ_γ“V«–Ζ‰u•s‘SΗσQ
130160,97,97 ‚»‚Μ‘Όθp_γ“V«–Ζ‰u•s‘SΗσQ
130170,99,99 θp‚Θ‚µ_—F•a
130170,97,97 ‚»‚Μ‘Όθp_—F•a
140010,99,99 θp‚Θ‚µ_”DPϊΤ’ZkA’αoY‘Μd‚ΙΦA‚·‚ιαQ
140010,97,97 ‚»‚Μ‘Όθp_”DPϊΤ’ZkA’αoY‘Μd‚ΙΦA‚·‚ιαQ
140070,99,99 θp‚Θ‚µ_“WAη–Κ‚Μζ“VΩν
140070,97,97 ‚»‚Μ‘Όθp_“WAη–Κ‚Μζ“VΩν
140070,2,02 γ{`¬p@’Pƒ‚Θκ‡“™
140070,1,01 “W`¬θp@“W‚Μ‚έ‚Μ‚ΰ‚Μ“™
140080,99,99 θp‚Θ‚µ_”]A‘‚Μζ“VΩν
140080,97,97 ‚»‚Μ‘Όθp_”]A‘‚Μζ“VΩν
140090,99,99 θp‚Θ‚µ_ζ“V«•@—άΗ•ΒΗ
140090,97,97 ‚»‚Μ‘Όθp_ζ“V«•@—άΗ•ΒΗ
140100,99,99 θp‚Θ‚µ_α‚Μζ“VΩν
140100,97,97 ‚»‚Μ‘Όθp_α‚Μζ“VΩν
140110,99,99 θp‚Θ‚µ_•@‚Μζ“VΩν
140110,97,97 ‚»‚Μ‘Όθp_•@‚Μζ“VΩν
140140,99,99 θp‚Θ‚µ_ϋWEϋOζ“V«Ύ³
140140,97,97 ‚»‚Μ‘Όθp_ϋWEϋOζ“V«Ύ³
140170,99,99 θp‚Θ‚µ_³’†θς”X–EE‘¤θς”X–E
140170,97,97 ‚»‚Μ‘Όθp_³’†θς”X–EE‘¤θς”X–E
140190,99,99 θp‚Θ‚µ_¬¨ΗE¨‰ξΩνEO¨“Ή•Β½
140190,97,97 ‚»‚Μ‘Όθp_¬¨ΗE¨‰ξΩνEO¨“Ή•Β½
140190,1,01 ¨‰ξ`¬θp
140210,99,99 θp‚Θ‚µ_ζ“V«¨α‘EA•›¨
140210,97,97 ‚»‚Μ‘Όθp_ζ“V«¨α‘EA•›¨
140210,2,02 •›¨i‰ξjΨp
140210,1,01 ζ“V«¨α‘Η“Eop
140220,99,99 θp‚Θ‚µ_¨‚ΜΎ³i‚»‚Μ‘Όj
140220,97,97 ‚»‚Μ‘Όθp_¨‚ΜΎ³i‚»‚Μ‘Όj
140230,99,99 θp‚Θ‚µ_A“‚ΜΎ³i‚»‚Μ‘Όj
140230,97,97 ‚»‚Μ‘Όθp_A“‚ΜΎ³i‚»‚Μ‘Όj
140245,99,99 θp‚Θ‚µ_γEϋoEτ“‚Μζ“VΩν
140245,97,97 ‚»‚Μ‘Όθp_γEϋoEτ“‚Μζ“VΩν
140245,1,01 γqα­«’Zk‹Έ³p“™
140260,99,99 θp‚Θ‚µ_‹Ήs‚Μ•Ο`‹y‚Ρζ“VΩν
140260,97,97 ‚»‚Μ‘Όθp_‹Ήs‚Μ•Ο`‹y‚Ρζ“VΩν
140260,1,01 R“l‹Ήθp@‹Ή‹“γ–@‚Ι‚ζ‚ι‚ΰ‚Μ“™
140270,99,99 θp‚Θ‚µ_”x‚Μζ“V«Ων
140270,97,97 ‚»‚Μ‘Όθp_”x‚Μζ“V«Ων
140280,99,99 θp‚Θ‚µ_‹C“Ή‚Μζ“VΩν
140280,97,97 ‚»‚Μ‘Όθp_‹C“Ή‚Μζ“VΩν
14029x,99,99 θp‚Θ‚µ_“®–¬ΗJ‘¶ΗAS–[’†u‡‘ΉΗ
14029x,97,97 ‚»‚Μ‘Όθp_“®–¬ΗJ‘¶ΗAS–[’†u‡‘ΉΗ
14029x,1,01 •Ω`¬p“™
14031x,99,99 θp‚Θ‚µ_ζ“V«SΎ³i“®–¬ΗJ‘¶ΗAS–[’†u‡‘ΉΗ‚π‚­Bj
14031x,97,97 ‚»‚Μ‘Όθp_ζ“V«SΎ³i“®–¬ΗJ‘¶ΗAS–[’†u‡‘ΉΗ‚π‚­Bj
14031x,4,04 o”η“I”x“®–¬`¬p“™
14031x,3,03 SΊ’†u‡‘Ή•Β½p@’P“Ζ‚Μ‚ΰ‚Μ“™
14031x,2,02 ƒtƒ@ƒ[l’¥Ηθp“™
14031x,1,01 ‘εΗ“]ΚΗθp@‘εΗ—¬“]·piƒWƒƒƒe[ƒ“θpj“™
140390,99,99 θp‚Θ‚µ_H“Ή‚Μζ“VΩν
140390,97,97 ‚»‚Μ‘Όθp_H“Ή‚Μζ“VΩν
140390,1,01 H“Ή‹·σg’£p“™
140410,99,99 θp‚Θ‚µ_ζ“V«”μϊ«—H–ε‹·σΗ
140410,97,97 ‚»‚Μ‘Όθp_ζ“V«”μϊ«—H–ε‹·σΗ
140420,99,99 θp‚Θ‚µ_’°dΟ
140420,97,97 ‚»‚Μ‘Όθp_’°dΟ
140420,2,02 ’°dΟΗ®•p@Ο“I‚Θ‚ΰ‚Μ“™
140420,1,01 ’°dΟΗ®•p@”ρΟ“I‚Θ‚ΰ‚Μ
140430,99,99 θp‚Θ‚µ_’°Η‚Μζ“VΩν
140430,97,97 ‚»‚Μ‘Όθp_’°Η‚Μζ“VΩν
14044x,99,99 θp‚Θ‚µ_’Ό’°γθ–εο`Aƒqƒ‹ƒVƒ…ƒXƒvƒ‹ƒ“ƒO•a
14044x,97,97 ‚»‚Μ‘Όθp_’Ό’°γθ–εο`Aƒqƒ‹ƒVƒ…ƒXƒvƒ‹ƒ“ƒO•a
14044x,4,04 ½γθθp@γθ–ε–σ•Β½ΨJ“™
14044x,3,03 lHγθ–ε‘Άέp“™
14044x,2,02 ζ“V«‹‘ε‹’°Ηθp“™
14044x,1,01 ½γθθp@ε‰ο‰A®“™
140450,99,99 θp‚Θ‚µ_’_“Ή‚Μζ“VΩνig’£Ηj
140450,97,97 ‚»‚Μ‘Όθp_’_“Ή‚Μζ“VΩνig’£Ηj
140450,1,01 ‘’_Ηg’£Ηθp“™
140460,99,99 θp‚Θ‚µ_’_“Ή‚Μζ“VΩνi•Β½Ηj
140460,97,97 ‚»‚Μ‘Όθp_’_“Ή‚Μζ“VΩνi•Β½Ηj
140480,99,99 θp‚Θ‚µ_ζ“V«• •ΗΩν
140480,97,97 ‚»‚Μ‘Όθp_ζ“V«• •ΗΩν
140490,99,99 θp‚Θ‚µ_θ‘«ζ“V«Ύ³
140490,97,97 ‚»‚Μ‘Όθp_θ‘«ζ“V«Ύ³
140500,99,99 θp‚Θ‚µ_“ξζ“V«`¬Ων
140500,97,97 ‚»‚Μ‘Όθp_“ξζ“V«`¬Ων
140510,99,99 θp‚Θ‚µ_Φίζ“V«Ύ³A‘ε‘Ϊζ“V«Ύ³
140510,97,97 ‚»‚Μ‘Όθp_Φίζ“V«Ύ³A‘ε‘Ϊζ“V«Ύ³
140510,1,01 ζ“V«Φί’E‰PΟ“I®•p“™
140550,99,99 θp‚Θ‚µ_ζ“V«”X–E«tΎ³
140550,97,97 ‚»‚Μ‘Όθp_ζ“V«”X–E«tΎ³
14056x,99,99 θp‚Θ‚µ_ζ“V«…tΗAζ“V«γ•””AHΎ³
14056x,97,97 ‚»‚Μ‘Όθp_ζ“V«…tΗAζ“V«γ•””AHΎ³
140580,99,99 θp‚Θ‚µ_ζ“V«‰Ί•””AHΎ³
140580,97,97 ‚»‚Μ‘Όθp_ζ“V«‰Ί•””AHΎ³
140580,3,03 ”A–Η“Eop“™
140580,2,02 ”A“Ή`¬θp“™
140580,1,01 δNγχ•ΗΨp“™
140590,99,99 θp‚Θ‚µ_’β—―Έ‘ƒ
140590,97,97 ‚»‚Μ‘Όθp_’β—―Έ‘ƒ
140600,99,99 θp‚Θ‚µ_—««ν‚Μζ“V«Ων
140600,97,97 ‚»‚Μ‘Όθp_—««ν‚Μζ“V«Ων
140600,2,02 ‰ο‰A`¬θp“™
140600,1,01 d•΅q‹{A‘opq‹{θp“™
140620,99,99 θp‚Θ‚µ_‚»‚Μ‘Ό‚Μζ“VΩν
140620,97,97 ‚»‚Μ‘Όθp_‚»‚Μ‘Ό‚Μζ“VΩν
150040,99,99 θp‚Θ‚µ_”M«‚―‚Ά‚κ‚ρ
150040,97,97 ‚»‚Μ‘Όθp_”M«‚―‚Ά‚κ‚ρ
150070,99,99 θp‚Θ‚µ_μθ•a
150070,97,97 ‚»‚Μ‘Όθp_μθ•a
150100,99,99 θp‚Θ‚µ_‹s‘ΗσQ
150100,97,97 ‚»‚Μ‘Όθp_‹s‘ΗσQ
150110,99,99 θp‚Θ‚µ_υF‘ΜΩνiƒ^[ƒi[ΗσQ‹y‚ΡƒNƒ‰ƒCƒ“ƒtƒFƒ‹ƒ^[ΗσQ‚π‚­Bj
150110,97,97 ‚»‚Μ‘Όθp_υF‘ΜΩνiƒ^[ƒi[ΗσQ‹y‚ΡƒNƒ‰ƒCƒ“ƒtƒFƒ‹ƒ^[ΗσQ‚π‚­Bj
150120,99,99 θp‚Θ‚µ_”]«–ƒαƒ
150120,97,97 ‚»‚Μ‘Όθp_”]«–ƒαƒ
160100,99,99 θp‚Θ‚µ_“WE“W“ΰ‘Ή
160100,97,97 ‚»‚Μ‘Όθp_“WE“W“ΰ‘Ή
160100,1,01 Έ³J“p@‚»‚Μ‘Ό‚Μκ‡“™
160200,99,99 θp‚Θ‚µ_η–Κ‘ΉiϋoAτ“‘Ή‚πά‚ήBj
160200,97,97 ‚»‚Μ‘Όθp_η–Κ‘ΉiϋoAτ“‘Ή‚πά‚ήBj
160200,2,02 •@ά®•Ε’θp“™
160200,1,01 ‰Ί{άΟ“Iθp“™
160250,99,99 θp‚Θ‚µ_α‘Ή
160250,97,97 ‚»‚Μ‘Όθp_α‘Ή
160300,99,99 θp‚Θ‚µ_A“Eθς•”‹CΗ‘Ή
160300,97,97 ‚»‚Μ‘Όθp_A“Eθς•”‹CΗ‘Ή
160350,99,99 θp‚Θ‚µ_θς•”‘ΉiA“Eθς•”‹CΗ‘ΉAθς’Εθς‘‘Ή‚π‚­Bj
160350,97,97 ‚»‚Μ‘Όθp_θς•”‘ΉiA“Eθς•”‹CΗ‘ΉAθς’Εθς‘‘Ή‚π‚­Bj
160400,99,99 θp‚Θ‚µ_‹ΉsE‰΅u–‘Ή
160400,97,97 ‚»‚Μ‘Όθp_‹ΉsE‰΅u–‘Ή
160400,1,01 Η‹γFp@J‹Ή–”‚ΝJ• ‚π”Ί‚¤‚ΰ‚Μ“™
160440,99,99 θp‚Θ‚µ_O¨E’†¨‘ΉiΩ•¨‚πά‚ήBj
160440,97,97 ‚»‚Μ‘Όθp_O¨E’†¨‘ΉiΩ•¨‚πά‚ήBj
160450,99,99 θp‚Θ‚µ_”xE‹Ή•”‹CΗE‹CΗx‘Ή
160450,97,97 ‚»‚Μ‘Όθp_”xE‹Ή•”‹CΗE‹CΗx‘Ή
160450,2,02 ‹CΗΨJp“™
160450,1,01 ”xΨp“™
160480,99,99 θp‚Θ‚µ_SE‘εΗ‘Ή
160480,97,97 ‚»‚Μ‘Όθp_SE‘εΗ‘Ή
160500,99,99 θp‚Θ‚µ_H“ΉEέ‘Ή
160500,97,97 ‚»‚Μ‘Όθp_H“ΉEέ‘Ή
160500,1,01 H“ΉΩ•¨“Eop“™
160510,99,99 θp‚Θ‚µ_ΜE’_“ΉEδXEδB‘Ή
160510,97,97 ‚»‚Μ‘Όθp_ΜE’_“ΉEδXEδB‘Ή
16054x,99,99 θp‚Θ‚µ_’°Η‘ΉiέΘOj
16054x,97,97 ‚»‚Μ‘Όθp_’°Η‘ΉiέΘOj
160570,99,99 θp‚Θ‚µ_• •”Η‘Ή
160570,97,97 ‚»‚Μ‘Όθp_• •”Η‘Ή
160575,99,99 θp‚Θ‚µ_‚»‚Μ‘Ό• o“ΰ‘ν‚Μ‘Ή
160575,97,97 ‚»‚Μ‘Όθp_‚»‚Μ‘Ό• o“ΰ‘ν‚Μ‘Ή
160580,99,99 θp‚Θ‚µ_• •Η‘Ή
160580,97,97 ‚»‚Μ‘Όθp_• •Η‘Ή
160590,99,99 θp‚Θ‚µ_l_o‘Ή
160590,97,97 ‚»‚Μ‘Όθp_l_o‘Ή
160600,99,99 θp‚Θ‚µ_lΗ‘Ή
160600,97,97 ‚»‚Μ‘Όθp_lΗ‘Ή
160610,99,99 θp‚Θ‚µ_l‹ΨδF‘Ή
160610,97,97 ‚»‚Μ‘Όθp_l‹ΨδF‘Ή
160610,1,01 θΥ‘Ρ’f—τ`¬θp“™
160620,99,99 θp‚Θ‚µ_•IA•G‚ΜOiƒXƒ|[ƒcαQ“™‚πά‚ήBj
160620,97,97 ‚»‚Μ‘Όθp_•IA•G‚ΜOiƒXƒ|[ƒcαQ“™‚πά‚ήBj
160620,2,02 Φί–Ψp“™
160620,1,01 δF–D‡p“™
160640,99,99 θp‚Θ‚µ_O«Ψ’f
160640,97,97 ‚»‚Μ‘Όθp_O«Ψ’f
160640,1,01 Ψ’flΔΪ‡p“™
160650,99,99 θp‚Θ‚µ_ƒRƒ“ƒp[ƒgƒƒ“ƒgΗσQ
160650,97,97 ‚»‚Μ‘Όθp_ƒRƒ“ƒp[ƒgƒƒ“ƒgΗσQ
160660,99,99 θp‚Θ‚µ_”η‰Ί“ξ•”‘ΉEΑ–Ε‘ΉAJ•ϊ‘n
160660,97,97 ‚»‚Μ‘Όθp_”η‰Ί“ξ•”‘ΉEΑ–Ε‘ΉAJ•ϊ‘n
160690,99,99 θp‚Θ‚µ_‹Ή’ΕA’ΕΘ‰Ίά‘Ήi‹ΉE‘‘Ή‚πά‚ήBj
160690,97,97 ‚»‚Μ‘Όθp_‹Ή’ΕA’ΕΘ‰Ίά‘Ήi‹ΉE‘‘Ή‚πά‚ήBj
160690,3,03 ’ΕA”Υ“ΰΩ•¨i‘}“ό•¨j‹p
160690,2,02 o”η“I’Ε‘Μ`¬p
160690,1,01 ’ΕA”Υ’E‰PΟ“Iθp“™
160700,99,99 θp‚Θ‚µ_½E¨b‚Μά
160700,97,97 ‚»‚Μ‘Όθp_½E¨b‚Μά
160710,99,99 θp‚Θ‚µ_½E¨b‚ΜJ•ϊά
160710,97,97 ‚»‚Μ‘Όθp_½E¨b‚ΜJ•ϊά
160720,99,99 θp‚Θ‚µ_¨Φίό•Σ‚ΜάE’E‰P
160720,97,97 ‚»‚Μ‘Όθp_¨Φίό•Σ‚ΜάE’E‰P
160720,1,01 άΟ“Iθp@¨bAγrA‘ε‘Ϊ“™
160730,99,99 θp‚Θ‚µ_¨Φίό•Σ‚ΜJ•ϊά
160730,97,97 ‚»‚Μ‘Όθp_¨Φίό•Σ‚ΜJ•ϊά
160740,99,99 θp‚Θ‚µ_•IΦίό•Σ‚ΜάE’E‰P
160740,97,97 ‚»‚Μ‘Όθp_•IΦίό•Σ‚ΜάE’E‰P
160740,1,01 άΟ“Iθp@¨bAγrA‘ε‘Ϊ“™
160750,99,99 θp‚Θ‚µ_•IΦίό•Σ‚ΜJ•ϊά
160750,97,97 ‚»‚Μ‘Όθp_•IΦίό•Σ‚ΜJ•ϊά
160760,99,99 θp‚Θ‚µ_‘Or‚Μά
160760,97,97 ‚»‚Μ‘Όθp_‘Or‚Μά
160770,99,99 θp‚Θ‚µ_‘Or‚ΜJ•ϊά
160770,97,97 ‚»‚Μ‘Όθp_‘Or‚ΜJ•ϊά
160780,99,99 θp‚Θ‚µ_θΦίό•Σ‚ΜάE’E‰P
160780,97,97 ‚»‚Μ‘Όθp_θΦίό•Σ‚ΜάE’E‰P
160790,99,99 θp‚Θ‚µ_θΦίό•Σ‚ΜJ•ϊά
160790,97,97 ‚»‚Μ‘Όθp_θΦίό•Σ‚ΜJ•ϊά
160800,99,99 θp‚Θ‚µ_ΦίE‘ε‘Ϊ‹ίΚ‚Μά
160800,97,97 ‚»‚Μ‘Όθp_ΦίE‘ε‘Ϊ‹ίΚ‚Μά
160800,1,01 lH“‘}“όp@¨A“™
160810,99,99 θp‚Θ‚µ_ΦίE‘ε‘Ϊ‹ίΚ‚ΜJ•ϊά
160810,97,97 ‚»‚Μ‘Όθp_ΦίE‘ε‘Ϊ‹ίΚ‚ΜJ•ϊά
160820,99,99 θp‚Θ‚µ_•GΦίό•Σ‚ΜάE’E‰P
160820,97,97 ‚»‚Μ‘Όθp_•GΦίό•Σ‚ΜάE’E‰P
160820,2,02 άΟ“Iθp@¨bAγrA‘ε‘Ϊ“™
160820,1,01 άΟ“Iθp@½A•GWAθiMσ‚π‚­BjA‘«AwiθA‘«j‚»‚Μ‘Ό“™
160830,99,99 θp‚Θ‚µ_•GΦίό•Σ‚ΜJ•ϊά
160830,97,97 ‚»‚Μ‘Όθp_•GΦίό•Σ‚ΜJ•ϊά
160830,2,02 άΟ“Iθp@½A•GWAθiMσ‚π‚­BjA‘«AwiθA‘«j‚»‚Μ‘Ό“™
160830,1,01 άΟ“Iθp@¨bAγrA‘ε‘Ϊ“™
160835,99,99 θp‚Θ‚µ_‰Ί‘Ϊ‘«Φίό•Σ‚Μά
160835,97,97 ‚»‚Μ‘Όθp_‰Ί‘Ϊ‘«Φίό•Σ‚Μά
160835,2,02 “ΰΩ•¨i‘}“ό•¨‚πά‚ήBj‹p@‘OrA‰Ί‘Ϊ“™
160835,1,01 άΟ“Iθp@‘OrA‰Ί‘ΪAθMσ“™
160840,99,99 θp‚Θ‚µ_‰Ί‘Ϊ‘«Φίό•Σ‚ΜJ•ϊά
160840,97,97 ‚»‚Μ‘Όθp_‰Ί‘Ϊ‘«Φίό•Σ‚ΜJ•ϊά
160840,2,02 “ΰΩ•¨i‘}“ό•¨‚πά‚ήBj‹p@‘OrA‰Ί‘Ϊ“™
160840,1,01 άΟ“Iθp@½A•GWAθiMσ‚π‚­BjA‘«AwiθA‘«j‚»‚Μ‘Ό“™
160850,99,99 θp‚Θ‚µ_‘«ΦίE‘«•”‚ΜάE’E‰P
160850,97,97 ‚»‚Μ‘Όθp_‘«ΦίE‘«•”‚ΜάE’E‰P
160850,2,02 Φί‹Ύ‰ΊθΥ‘Ρ’f—τ–D‡p@wiθA‘«j‚»‚Μ‘Ό‚ΜθΥ‘Ρ“™
160850,1,01 άΟ“Iθp@½A•GWAθiMσ‚π‚­BjA‘«AwiθA‘«j‚»‚Μ‘Ό“™
160860,99,99 θp‚Θ‚µ_‘«ΦίE‘«•”‚ΜJ•ϊάEJ•ϊ’E‰P
160860,97,97 ‚»‚Μ‘Όθp_‘«ΦίE‘«•”‚ΜJ•ϊάEJ•ϊ’E‰P
160870,99,99 θp‚Θ‚µ_θς’Εθς‘‘Ή
160870,97,97 ‚»‚Μ‘Όθp_θς’Εθς‘‘Ή
160870,1,01 ’ΕA”Υ’E‰PΟ“Iθp“™
160950,99,99 θp‚Θ‚µ_tE”AΗ‘Ή
160950,97,97 ‚»‚Μ‘Όθp_tE”AΗ‘Ή
160960,99,99 θp‚Θ‚µ_δNγχE”A“Ή‘Ή
160960,97,97 ‚»‚Μ‘Όθp_δNγχE”A“Ή‘Ή
160970,99,99 θp‚Θ‚µ_¶Bν‘Ή
160970,97,97 ‚»‚Μ‘Όθp_¶Bν‘Ή
160980,99,99 θp‚Θ‚µ_”Υ‘Ή
160980,97,97 ‚»‚Μ‘Όθp_”Υ‘Ή
160980,1,01 ‘ΜO®’ΕΕ’θp“™
160990,99,99 θp‚Θ‚µ_‘½•”ΚO
160990,97,97 ‚»‚Μ‘Όθp_‘½•”ΚO
160995,99,99 θp‚Θ‚µ_‹C“Ή”M
160995,97,97 ‚»‚Μ‘Όθp_‹C“Ή”M
161000,99,99 θp‚Θ‚µ_”ME‰»w”ME“€E“d‚
161000,97,97 ‚»‚Μ‘Όθp_”ME‰»w”ME“€E“d‚
161000,2,02 •‘wA”ηp@‚Q‚T•½•ϋƒZƒ“ƒ`ƒ[ƒgƒ‹–Ά–“™
161000,1,01 •‘wA”ηp@‚Q‚O‚O•½•ϋƒZƒ“ƒ`ƒ[ƒgƒ‹Θγ“™
161020,99,99 θp‚Θ‚µ_‘Μ‰·Ων
161020,97,97 ‚»‚Μ‘Όθp_‘Μ‰·Ων
161030,99,99 θp‚Θ‚µ_‹C³‚Ι‚ζ‚ι‘Ή
161030,97,97 ‚»‚Μ‘Όθp_‹C³‚Ι‚ζ‚ι‘Ή
161040,99,99 θp‚Θ‚µ_‘Ή‚Μ‘±”­«AγβΗ
161040,97,97 ‚»‚Μ‘Όθp_‘Ή‚Μ‘±”­«AγβΗ
161060,99,99 θp‚Θ‚µ_ΪΧ•s–Ύ‚Μ‘Ή“™
161060,97,97 ‚»‚Μ‘Όθp_ΪΧ•s–Ύ‚Μ‘Ή“™
161070,99,99 θp‚Θ‚µ_–ς•¨’†“Εi‚»‚Μ‘Ό‚Μ’†“Εj
161070,97,97 ‚»‚Μ‘Όθp_–ς•¨’†“Εi‚»‚Μ‘Ό‚Μ’†“Εj
170010,99,99 θp‚Θ‚µ_ƒAƒ‹ƒR[ƒ‹Λ‘¶ΗσQ
170010,97,97 ‚»‚Μ‘Όθp_ƒAƒ‹ƒR[ƒ‹Λ‘¶ΗσQ
170020,99,99 θp‚Θ‚µ_Έ_μ—p•¨Ώg—p‚Ι‚ζ‚ιΈ_‹y‚Ρs“®‚ΜαQ
170020,97,97 ‚»‚Μ‘Όθp_Έ_μ—p•¨Ώg—p‚Ι‚ζ‚ιΈ_‹y‚Ρs“®‚ΜαQ
170030,99,99 θp‚Θ‚µ_“‡Έ’²ΗC“‡Έ’²Η^αQ‹y‚Ρ–Ο‘z«αQ
170030,97,97 ‚»‚Μ‘Όθp_“‡Έ’²ΗC“‡Έ’²Η^αQ‹y‚Ρ–Ο‘z«αQ
170040,99,99 θp‚Θ‚µ_‹C•m΄ξnαQ
170040,97,97 ‚»‚Μ‘Όθp_‹C•m΄ξnαQ
170050,99,99 θp‚Θ‚µ__oΗ«αQCƒXƒgƒƒXΦAαQ‹y‚Ρg‘Μ•\»«αQ
170050,97,97 ‚»‚Μ‘Όθp__oΗ«αQCƒXƒgƒƒXΦAαQ‹y‚Ρg‘Μ•\»«αQ
170060,99,99 θp‚Θ‚µ_‚»‚Μ‘Ό‚ΜΈ_‹y‚Ρs“®‚ΜαQ
170060,97,97 ‚»‚Μ‘Όθp_‚»‚Μ‘Ό‚ΜΈ_‹y‚Ρs“®‚ΜαQ
180010,99,99 θp‚Θ‚µ_”sΗ
180010,97,97 ‚»‚Μ‘Όθp_”sΗ
180020,99,99 θp‚Θ‚µ_«΄υΗ
180020,97,97 ‚»‚Μ‘Όθp_«΄υΗ
180030,99,99 θp‚Θ‚µ_‚»‚Μ‘Ό‚Μ΄υΗi^‹Ϋ‚π‚­Bj
180030,97,97 ‚»‚Μ‘Όθp_‚»‚Μ‘Ό‚Μ΄υΗi^‹Ϋ‚π‚­Bj
180035,99,99 θp‚Θ‚µ_‚»‚Μ‘Ό‚Μ^‹Ϋ΄υΗ
180035,97,97 ‚»‚Μ‘Όθp_‚»‚Μ‘Ό‚Μ^‹Ϋ΄υΗ
180040,99,99 θp‚Θ‚µ_θpE’u“™‚Μ‡•ΉΗ
180040,97,97 ‚»‚Μ‘Όθp_θpE’u“™‚Μ‡•ΉΗ
180041,99,99 θp‚Θ‚µ_ΪA‘ν‹y‚Ρ‘gD‚Μ•s‘S‹y‚Ρ‹‘β”½‰
180041,97,97 ‚»‚Μ‘Όθp_ΪA‘ν‹y‚Ρ‘gD‚Μ•s‘S‹y‚Ρ‹‘β”½‰
180050,99,99 θp‚Θ‚µ_‚»‚Μ‘Ό‚Μ««ξα‡
180050,97,97 ‚»‚Μ‘Όθp_‚»‚Μ‘Ό‚Μ««ξα‡
180060,99,99 θp‚Θ‚µ_‚»‚Μ‘Ό‚ΜV¶•¨
180060,97,97 ‚»‚Μ‘Όθp_‚»‚Μ‘Ό‚ΜV¶•¨
10000,0,0 ·•
20000,0,0 ·•
30000,0,0 ·•
40000,0,0 ·•
50000,0,0 ·•
60000,0,0 ·•
70000,0,0 ·•
80000,0,0 ·•
90000,0,0 ·•
100000,0,0 ·•
110000,0,0 ·•
120000,0,0 ·•
130000,0,0 ·•
140000,0,0 ·•
150000,0,0 ·•
160000,0,0 ·•
170000,0,0 ·•
180000,0,0 ·•
